"","YEAR","MONTH","CARRIER","EMPTOTAL","X"
"1",2007,1,"09Q",128,NA
"2",2007,1,"16",1512,NA
"3",2007,1,"3Z",289,NA
"4",2007,1,"5X",6205,NA
"5",2007,1,"5Y",1153,NA
"6",2007,1,"8C",453,NA
"7",2007,1,"9E",3912,NA
"8",2007,1,"9S",305,NA
"9",2007,1,"AA",77866,NA
"10",2007,1,"ABX",11277,NA
"11",2007,1,"AJQ",264,NA
"12",2007,1,"AMQ",43,NA
"13",2007,1,"AQ",3540,NA
"14",2007,1,"AS",9882,NA
"15",2007,1,"AX",1301,NA
"16",2007,1,"B6",10698,NA
"17",2007,1,"BNQ",4,NA
"18",2007,1,"CO",38341,NA
"19",2007,1,"CS",1334,NA
"20",2007,1,"CTQ",12,NA
"21",2007,1,"CZQ",15,NA
"22",2007,1,"DL",46732,NA
"23",2007,1,"E0",239,NA
"24",2007,1,"E9",154,NA
"25",2007,1,"ER",998,NA
"26",2007,1,"EV",5911,NA
"27",2007,1,"EZ",528,NA
"28",2007,1,"F2",183,NA
"29",2007,1,"F9",5012,NA
"30",2007,1,"FE",90,NA
"31",2007,1,"FL",7671,NA
"32",2007,1,"FX",136782,NA
"33",2007,1,"G4",1008,NA
"34",2007,1,"G7",322,NA
"35",2007,1,"GFQ",63,NA
"36",2007,1,"GG",110,NA
"37",2007,1,"GL",418,NA
"38",2007,1,"GR",400,NA
"39",2007,1,"HA",3585,NA
"40",2007,1,"HP",13958,NA
"41",2007,1,"JW",558,NA
"42",2007,1,"KAQ",820,NA
"43",2007,1,"KLQ",41,NA
"44",2007,1,"KR",186,NA
"45",2007,1,"L2",155,NA
"46",2007,1,"M6",626,NA
"47",2007,1,"MG",713,NA
"48",2007,1,"MQ",9984,NA
"49",2007,1,"MRQ",98,NA
"50",2007,1,"MY",330,NA
"51",2007,1,NA,717,NA
"52",2007,1,"NC",250,NA
"53",2007,1,"NK",2195,NA
"54",2007,1,"NW",30288,NA
"55",2007,1,"OH",6513,NA
"56",2007,1,"OO",9858,NA
"57",2007,1,"OW",1909,NA
"58",2007,1,"PCQ",413,NA
"59",2007,1,"PFQ",42,NA
"60",2007,1,"PO",615,NA
"61",2007,1,"PRQ",75,NA
"62",2007,1,"PT",193,NA
"63",2007,1,"QX",3976,NA
"64",2007,1,"RD",628,NA
"65",2007,1,"RW",687,NA
"66",2007,1,"S5",1074,NA
"67",2007,1,"SI",25,NA
"68",2007,1,"SLQ",98,NA
"69",2007,1,"SY",1030,NA
"70",2007,1,"TZ",2488,NA
"71",2007,1,"U5",655,NA
"72",2007,1,"U7",335,NA
"73",2007,1,"UA",54873,NA
"74",2007,1,"US",21122,NA
"75",2007,1,"VCQ",0,NA
"76",2007,1,"WE",185,NA
"77",2007,1,"WI",203,NA
"78",2007,1,"WN",32725,NA
"79",2007,1,"WO",1337,NA
"80",2007,1,"X9",959,NA
"81",2007,1,"XE",7313,NA
"82",2007,1,"XJ",3102,NA
"83",2007,1,"XP",205,NA
"84",2007,1,"YV",3261,NA
"85",2007,1,"YX",2347,NA
"86",2007,1,"ZQ",210,NA
"87",2007,1,"ZW",2493,NA
"88",2007,2,"09Q",129,NA
"89",2007,2,"16",1527,NA
"90",2007,2,"3Z",282,NA
"91",2007,2,"5X",6196,NA
"92",2007,2,"5Y",1150,NA
"93",2007,2,"8C",444,NA
"94",2007,2,"9E",3923,NA
"95",2007,2,"9S",303,NA
"96",2007,2,"AA",77648,NA
"97",2007,2,"ABX",11154,NA
"98",2007,2,"AJQ",269,NA
"99",2007,2,"AMQ",43,NA
"100",2007,2,"AQ",3407,NA
"101",2007,2,"AS",9872,NA
"102",2007,2,"AX",1305,NA
"103",2007,2,"B6",10605,NA
"104",2007,2,"BNQ",4,NA
"105",2007,2,"CO",38490,NA
"106",2007,2,"CS",1336,NA
"107",2007,2,"CTQ",12,NA
"108",2007,2,"CZQ",15,NA
"109",2007,2,"DL",47204,NA
"110",2007,2,"E0",248,NA
"111",2007,2,"E9",148,NA
"112",2007,2,"ER",989,NA
"113",2007,2,"EV",6185,NA
"114",2007,2,"EZ",513,NA
"115",2007,2,"F2",183,NA
"116",2007,2,"F9",5078,NA
"117",2007,2,"FE",90,NA
"118",2007,2,"FL",8598,NA
"119",2007,2,"FX",136345,NA
"120",2007,2,"G4",1039,NA
"121",2007,2,"G7",337,NA
"122",2007,2,"GFQ",62,NA
"123",2007,2,"GG",110,NA
"124",2007,2,"GL",403,NA
"125",2007,2,"GR",398,NA
"126",2007,2,"HA",3593,NA
"127",2007,2,"HP",13945,NA
"128",2007,2,"JW",515,NA
"129",2007,2,"KAQ",828,NA
"130",2007,2,"KLQ",41,NA
"131",2007,2,"L2",157,NA
"132",2007,2,"M6",537,NA
"133",2007,2,"MG",705,NA
"134",2007,2,"MQ",10027,NA
"135",2007,2,"MRQ",95,NA
"136",2007,2,"MY",342,NA
"137",2007,2,NA,738,NA
"138",2007,2,"NC",242,NA
"139",2007,2,"NK",2280,NA
"140",2007,2,"NW",30306,NA
"141",2007,2,"OH",6502,NA
"142",2007,2,"OO",9974,NA
"143",2007,2,"OW",1884,NA
"144",2007,2,"PCQ",406,NA
"145",2007,2,"PO",569,NA
"146",2007,2,"PRQ",75,NA
"147",2007,2,"PT",192,NA
"148",2007,2,"QX",3967,NA
"149",2007,2,"RD",602,NA
"150",2007,2,"RW",795,NA
"151",2007,2,"S5",1020,NA
"152",2007,2,"SI",25,NA
"153",2007,2,"SLQ",100,NA
"154",2007,2,"SY",1039,NA
"155",2007,2,"TZ",2481,NA
"156",2007,2,"U5",632,NA
"157",2007,2,"U7",346,NA
"158",2007,2,"UA",54754,NA
"159",2007,2,"US",21131,NA
"160",2007,2,"VCQ",0,NA
"161",2007,2,"WE",185,NA
"162",2007,2,"WI",204,NA
"163",2007,2,"WN",33064,NA
"164",2007,2,"WO",1329,NA
"165",2007,2,"X9",975,NA
"166",2007,2,"XE",7634,NA
"167",2007,2,"XJ",3196,NA
"168",2007,2,"XP",205,NA
"169",2007,2,"YV",3275,NA
"170",2007,2,"YX",2349,NA
"171",2007,2,"ZW",2449,NA
"172",2007,3,"09Q",128,NA
"173",2007,3,"16",1514,NA
"174",2007,3,"3Z",282,NA
"175",2007,3,"5X",6505,NA
"176",2007,3,"5Y",1129,NA
"177",2007,3,"8C",426,NA
"178",2007,3,"9E",3940,NA
"179",2007,3,"9S",298,NA
"180",2007,3,"AA",78548,NA
"181",2007,3,"ABX",11309,NA
"182",2007,3,"AJQ",261,NA
"183",2007,3,"AMQ",42,NA
"184",2007,3,"AQ",3404,NA
"185",2007,3,"AS",10001,NA
"186",2007,3,"AX",1314,NA
"187",2007,3,"B6",10686,NA
"188",2007,3,"BNQ",4,NA
"189",2007,3,"CO",38702,NA
"190",2007,3,"CS",1334,NA
"191",2007,3,"CTQ",12,NA
"192",2007,3,"CZQ",18,NA
"193",2007,3,"DL",47859,NA
"194",2007,3,"E0",265,NA
"195",2007,3,"E9",147,NA
"196",2007,3,"ER",993,NA
"197",2007,3,"EV",5832,NA
"198",2007,3,"EZ",513,NA
"199",2007,3,"F2",177,NA
"200",2007,3,"F9",5156,NA
"201",2007,3,"FE",105,NA
"202",2007,3,"FL",7939,NA
"203",2007,3,"FX",141582,NA
"204",2007,3,"G4",1063,NA
"205",2007,3,"G7",328,NA
"206",2007,3,"GFQ",80,NA
"207",2007,3,"GG",110,NA
"208",2007,3,"GL",415,NA
"209",2007,3,"GR",397,NA
"210",2007,3,"HA",3610,NA
"211",2007,3,"HP",13879,NA
"212",2007,3,"JW",498,NA
"213",2007,3,"KAQ",841,NA
"214",2007,3,"KLQ",40,NA
"215",2007,3,"KR",237,NA
"216",2007,3,"L2",156,NA
"217",2007,3,"M6",520,NA
"218",2007,3,"MG",710,NA
"219",2007,3,"MQ",10165,NA
"220",2007,3,"MRQ",95,NA
"221",2007,3,"MY",343,NA
"222",2007,3,NA,739,NA
"223",2007,3,"NC",237,NA
"224",2007,3,"NK",2241,NA
"225",2007,3,"NW",30302,NA
"226",2007,3,"OH",6494,NA
"227",2007,3,"OO",10126,NA
"228",2007,3,"OW",1843,NA
"229",2007,3,"PCQ",411,NA
"230",2007,3,"PFQ",44,NA
"231",2007,3,"PO",562,NA
"232",2007,3,"PRQ",74,NA
"233",2007,3,"PT",185,NA
"234",2007,3,"QX",3990,NA
"235",2007,3,"RD",573,NA
"236",2007,3,"RW",856,NA
"237",2007,3,"S5",1009,NA
"238",2007,3,"SI",22,NA
"239",2007,3,"SLQ",115,NA
"240",2007,3,"SY",1034,NA
"241",2007,3,"TZ",2485,NA
"242",2007,3,"U5",642,NA
"243",2007,3,"U7",345,NA
"244",2007,3,"UA",54712,NA
"245",2007,3,"US",21288,NA
"246",2007,3,"VCQ",0,NA
"247",2007,3,"WE",182,NA
"248",2007,3,"WI",207,NA
"249",2007,3,"WN",33195,NA
"250",2007,3,"WO",1330,NA
"251",2007,3,"X9",1001,NA
"252",2007,3,"XE",7673,NA
"253",2007,3,"XJ",3220,NA
"254",2007,3,"XP",182,NA
"255",2007,3,"YV",3295,NA
"256",2007,3,"YX",2368,NA
"257",2007,3,"ZW",2437,NA
"258",2007,4,"09Q",123,NA
"259",2007,4,"16",1509,NA
"260",2007,4,"3Z",278,NA
"261",2007,4,"5X",6240,NA
"262",2007,4,"5Y",1129,NA
"263",2007,4,"8C",414,NA
"264",2007,4,"9E",3963,NA
"265",2007,4,"9S",304,NA
"266",2007,4,"AA",78534,NA
"267",2007,4,"ABX",11342,NA
"268",2007,4,"AJQ",258,NA
"269",2007,4,"AMQ",41,NA
"270",2007,4,"AQ",3478,NA
"271",2007,4,"AS",9991,NA
"272",2007,4,"AX",1291,NA
"273",2007,4,"B6",10766,NA
"274",2007,4,"BNQ",4,NA
"275",2007,4,"CO",39192,NA
"276",2007,4,"CS",1340,NA
"277",2007,4,"CTQ",12,NA
"278",2007,4,"CZQ",18,NA
"279",2007,4,"DL",48420,NA
"280",2007,4,"E0",269,NA
"281",2007,4,"E9",141,NA
"282",2007,4,"ER",988,NA
"283",2007,4,"EV",5735,NA
"284",2007,4,"EZ",519,NA
"285",2007,4,"F2",169,NA
"286",2007,4,"F9",5265,NA
"287",2007,4,"FE",102,NA
"288",2007,4,"FL",8064,NA
"289",2007,4,"FX",140913,NA
"290",2007,4,"G4",1082,NA
"291",2007,4,"G7",326,NA
"292",2007,4,"GFQ",87,NA
"293",2007,4,"GG",111,NA
"294",2007,4,"GL",398,NA
"295",2007,4,"GR",389,NA
"296",2007,4,"HA",3598,NA
"297",2007,4,"HP",14693,NA
"298",2007,4,"JW",436,NA
"299",2007,4,"KAQ",850,NA
"300",2007,4,"KLQ",42,NA
"301",2007,4,"KR",201,NA
"302",2007,4,"L2",158,NA
"303",2007,4,"M6",536,NA
"304",2007,4,"MG",705,NA
"305",2007,4,"MQ",10161,NA
"306",2007,4,"MRQ",91,NA
"307",2007,4,"MY",343,NA
"308",2007,4,NA,741,NA
"309",2007,4,"NC",237,NA
"310",2007,4,"NK",2260,NA
"311",2007,4,"NW",30206,NA
"312",2007,4,"OH",6560,NA
"313",2007,4,"OO",10209,NA
"314",2007,4,"OW",1809,NA
"315",2007,4,"PCQ",416,NA
"316",2007,4,"PFQ",44,NA
"317",2007,4,"PO",562,NA
"318",2007,4,"PT",195,NA
"319",2007,4,"QX",4020,NA
"320",2007,4,"RD",578,NA
"321",2007,4,"RW",932,NA
"322",2007,4,"S5",1068,NA
"323",2007,4,"SI",27,NA
"324",2007,4,"SLQ",120,NA
"325",2007,4,"SY",1012,NA
"326",2007,4,"TZ",2481,NA
"327",2007,4,"U5",641,NA
"328",2007,4,"U7",344,NA
"329",2007,4,"UA",54631,NA
"330",2007,4,"US",21302,NA
"331",2007,4,"VCQ",0,NA
"332",2007,4,"WE",182,NA
"333",2007,4,"WI",216,NA
"334",2007,4,"WN",33370,NA
"335",2007,4,"WO",1324,NA
"336",2007,4,"X9",993,NA
"337",2007,4,"XE",7803,NA
"338",2007,4,"XJ",3226,NA
"339",2007,4,"XP",183,NA
"340",2007,4,"YV",3286,NA
"341",2007,4,"YX",2374,NA
"342",2007,4,"ZW",2446,NA
"343",2007,5,"09Q",117,NA
"344",2007,5,"16",1511,NA
"345",2007,5,"3Z",290,NA
"346",2007,5,"5X",6252,NA
"347",2007,5,"5Y",1137,NA
"348",2007,5,"8C",412,NA
"349",2007,5,"9E",3994,NA
"350",2007,5,"9S",303,NA
"351",2007,5,"AA",78580,NA
"352",2007,5,"ABX",11232,NA
"353",2007,5,"AJQ",253,NA
"354",2007,5,"AMQ",42,NA
"355",2007,5,"AQ",3616,NA
"356",2007,5,"AS",10062,NA
"357",2007,5,"AX",1298,NA
"358",2007,5,"B6",10839,NA
"359",2007,5,"BNQ",4,NA
"360",2007,5,"CO",39603,NA
"361",2007,5,"CS",1340,NA
"362",2007,5,"CTQ",12,NA
"363",2007,5,"CZQ",17,NA
"364",2007,5,"DL",48984,NA
"365",2007,5,"E0",281,NA
"366",2007,5,"E9",115,NA
"367",2007,5,"ER",983,NA
"368",2007,5,"EV",5751,NA
"369",2007,5,"EZ",518,NA
"370",2007,5,"F2",134,NA
"371",2007,5,"F9",5362,NA
"372",2007,5,"FE",115,NA
"373",2007,5,"FL",8324,NA
"374",2007,5,"FX",140808,NA
"375",2007,5,"G4",1117,NA
"376",2007,5,"G7",313,NA
"377",2007,5,"GFQ",84,NA
"378",2007,5,"GG",112,NA
"379",2007,5,"GL",393,NA
"380",2007,5,"GR",392,NA
"381",2007,5,"HA",3532,NA
"382",2007,5,"HP",14050,NA
"383",2007,5,"JW",439,NA
"384",2007,5,"KAQ",858,NA
"385",2007,5,"KLQ",38,NA
"386",2007,5,"KR",235,NA
"387",2007,5,"L2",154,NA
"388",2007,5,"M6",538,NA
"389",2007,5,"MG",702,NA
"390",2007,5,"MQ",10142,NA
"391",2007,5,"MRQ",94,NA
"392",2007,5,"MY",343,NA
"393",2007,5,NA,759,NA
"394",2007,5,"NC",246,NA
"395",2007,5,"NK",2270,NA
"396",2007,5,"NW",30392,NA
"397",2007,5,"OH",6558,NA
"398",2007,5,"OO",10503,NA
"399",2007,5,"OW",1861,NA
"400",2007,5,"PCQ",435,NA
"401",2007,5,"PFQ",44,NA
"402",2007,5,"PO",548,NA
"403",2007,5,"PRQ",76,NA
"404",2007,5,"PT",191,NA
"405",2007,5,"QX",4072,NA
"406",2007,5,"RD",457,NA
"407",2007,5,"RW",935,NA
"408",2007,5,"S5",1077,NA
"409",2007,5,"SLQ",130,NA
"410",2007,5,"SY",1000,NA
"411",2007,5,"TZ",2485,NA
"412",2007,5,"U5",636,NA
"413",2007,5,"U7",356,NA
"414",2007,5,"UA",54586,NA
"415",2007,5,"US",22076,NA
"416",2007,5,"VCQ",0,NA
"417",2007,5,"WE",251,NA
"418",2007,5,"WI",211,NA
"419",2007,5,"WN",33467,NA
"420",2007,5,"WO",1310,NA
"421",2007,5,"X9",1007,NA
"422",2007,5,"XE",8104,NA
"423",2007,5,"XJ",3134,NA
"424",2007,5,"XP",171,NA
"425",2007,5,"YV",3236,NA
"426",2007,5,"YX",2409,NA
"427",2007,5,"ZW",2440,NA
"428",2007,6,"09Q",117,NA
"429",2007,6,"16",1526,NA
"430",2007,6,"3Z",290,NA
"431",2007,6,"5X",6267,NA
"432",2007,6,"5Y",1200,NA
"433",2007,6,"8C",411,NA
"434",2007,6,"9E",4097,NA
"435",2007,6,"9S",316,NA
"436",2007,6,"AA",78278,NA
"437",2007,6,"ABX",10963,NA
"438",2007,6,"AJQ",251,NA
"439",2007,6,"AMQ",42,NA
"440",2007,6,"AQ",3551,NA
"441",2007,6,"AS",10110,NA
"442",2007,6,"AX",1310,NA
"443",2007,6,"B6",10974,NA
"444",2007,6,"BNQ",5,NA
"445",2007,6,"CO",39577,NA
"446",2007,6,"CS",1344,NA
"447",2007,6,"CZQ",17,NA
"448",2007,6,"DL",51217,NA
"449",2007,6,"E0",296,NA
"450",2007,6,"E9",114,NA
"451",2007,6,"ER",975,NA
"452",2007,6,"EV",4472,NA
"453",2007,6,"EZ",533,NA
"454",2007,6,"F2",128,NA
"455",2007,6,"F9",5422,NA
"456",2007,6,"FCQ",60,NA
"457",2007,6,"FE",127,NA
"458",2007,6,"FL",8507,NA
"459",2007,6,"FX",140788,NA
"460",2007,6,"G4",1111,NA
"461",2007,6,"G7",324,NA
"462",2007,6,"GFQ",88,NA
"463",2007,6,"GG",110,NA
"464",2007,6,"GL",404,NA
"465",2007,6,"GR",380,NA
"466",2007,6,"HA",3481,NA
"467",2007,6,"HP",14047,NA
"468",2007,6,"JW",419,NA
"469",2007,6,"KAQ",877,NA
"470",2007,6,"KLQ",44,NA
"471",2007,6,"KR",235,NA
"472",2007,6,"L2",155,NA
"473",2007,6,"M6",564,NA
"474",2007,6,"MG",699,NA
"475",2007,6,"MQ",10179,NA
"476",2007,6,"MRQ",98,NA
"477",2007,6,"MY",343,NA
"478",2007,6,NA,776,NA
"479",2007,6,"NC",241,NA
"480",2007,6,"NK",2319,NA
"481",2007,6,"NW",30567,NA
"482",2007,6,"OH",6588,NA
"483",2007,6,"OO",10651,NA
"484",2007,6,"OW",1888,NA
"485",2007,6,"PCQ",412,NA
"486",2007,6,"PFQ",44,NA
"487",2007,6,"PO",452,NA
"488",2007,6,"PRQ",73,NA
"489",2007,6,"PT",196,NA
"490",2007,6,"QX",4110,NA
"491",2007,6,"RD",512,NA
"492",2007,6,"RW",1031,NA
"493",2007,6,"S5",1061,NA
"494",2007,6,"SLQ",130,NA
"495",2007,6,"SX",227,NA
"496",2007,6,"SY",989,NA
"497",2007,6,"TZ",2486,NA
"498",2007,6,"U5",617,NA
"499",2007,6,"U7",354,NA
"500",2007,6,"UA",54599,NA
"501",2007,6,"US",22024,NA
"502",2007,6,"VCQ",0,NA
"503",2007,6,"WE",522,NA
"504",2007,6,"WI",212,NA
"505",2007,6,"WN",33498,NA
"506",2007,6,"WO",1316,NA
"507",2007,6,"X9",990,NA
"508",2007,6,"XE",8275,NA
"509",2007,6,"XJ",3044,NA
"510",2007,6,"XP",180,NA
"511",2007,6,"YV",3248,NA
"512",2007,6,"YX",2412,NA
"513",2007,6,"ZW",2434,NA
"514",2007,7,"09Q",118,NA
"515",2007,7,"16",1543,NA
"516",2007,7,"3Z",287,NA
"517",2007,7,"5X",6285,NA
"518",2007,7,"5Y",1201,NA
"519",2007,7,"8C",396,NA
"520",2007,7,"9E",4119,NA
"521",2007,7,"9S",340,NA
"522",2007,7,"AA",78226,NA
"523",2007,7,"ABX",10983,NA
"524",2007,7,"AJQ",246,NA
"525",2007,7,"AMQ",42,NA
"526",2007,7,"AQ",3590,NA
"527",2007,7,"AS",10314,NA
"528",2007,7,"AX",1339,NA
"529",2007,7,"B6",10858,NA
"530",2007,7,"BNQ",5,NA
"531",2007,7,"CO",39426,NA
"532",2007,7,"CS",1342,NA
"533",2007,7,"CZQ",18,NA
"534",2007,7,"DL",51278,NA
"535",2007,7,"E0",314,NA
"536",2007,7,"E9",107,NA
"537",2007,7,"ER",977,NA
"538",2007,7,"EV",4465,NA
"539",2007,7,"EZ",537,NA
"540",2007,7,"F2",123,NA
"541",2007,7,"F9",5588,NA
"542",2007,7,"FCQ",65,NA
"543",2007,7,"FE",144,NA
"544",2007,7,"FL",8598,NA
"545",2007,7,"FX",141021,NA
"546",2007,7,"G4",1139,NA
"547",2007,7,"G7",350,NA
"548",2007,7,"GFQ",85,NA
"549",2007,7,"GG",111,NA
"550",2007,7,"GL",403,NA
"551",2007,7,"GR",385,NA
"552",2007,7,"HA",3480,NA
"553",2007,7,"HP",14021,NA
"554",2007,7,"JW",423,NA
"555",2007,7,"KAQ",875,NA
"556",2007,7,"KLQ",38,NA
"557",2007,7,"KR",201,NA
"558",2007,7,"L2",155,NA
"559",2007,7,"M6",536,NA
"560",2007,7,"MG",687,NA
"561",2007,7,"MQ",10227,NA
"562",2007,7,"MRQ",97,NA
"563",2007,7,"MY",353,NA
"564",2007,7,NA,791,NA
"565",2007,7,"NC",237,NA
"566",2007,7,"NK",2343,NA
"567",2007,7,"NW",30671,NA
"568",2007,7,"OH",6473,NA
"569",2007,7,"OO",10519,NA
"570",2007,7,"OW",1909,NA
"571",2007,7,"PCQ",412,NA
"572",2007,7,"PFQ",44,NA
"573",2007,7,"PO",451,NA
"574",2007,7,"PRQ",73,NA
"575",2007,7,"PT",194,NA
"576",2007,7,"QX",4113,NA
"577",2007,7,"RD",529,NA
"578",2007,7,"RW",1010,NA
"579",2007,7,"S5",1081,NA
"580",2007,7,"SI",29,NA
"581",2007,7,"SLQ",130,NA
"582",2007,7,"SX",239,NA
"583",2007,7,"SY",999,NA
"584",2007,7,"TZ",2463,NA
"585",2007,7,"U5",615,NA
"586",2007,7,"U7",354,NA
"587",2007,7,"UA",54505,NA
"588",2007,7,"US",22014,NA
"589",2007,7,"VCQ",0,NA
"590",2007,7,"WE",510,NA
"591",2007,7,"WI",217,NA
"592",2007,7,"WN",33799,NA
"593",2007,7,"WO",1305,NA
"594",2007,7,"X9",987,NA
"595",2007,7,"XE",8314,NA
"596",2007,7,"XJ",3103,NA
"597",2007,7,"XP",170,NA
"598",2007,7,"YV",3193,NA
"599",2007,7,"YX",2411,NA
"600",2007,7,"ZW",2433,NA
"601",2007,8,"09Q",114,NA
"602",2007,8,"16",1552,NA
"603",2007,8,"3Z",287,NA
"604",2007,8,"5X",6297,NA
"605",2007,8,"5Y",1197,NA
"606",2007,8,"8C",384,NA
"607",2007,8,"9E",4107,NA
"608",2007,8,"9S",340,NA
"609",2007,8,"AA",78428,NA
"610",2007,8,"ABX",10996,NA
"611",2007,8,"AJQ",248,NA
"612",2007,8,"AMQ",36,NA
"613",2007,8,"AQ",3613,NA
"614",2007,8,"AS",10321,NA
"615",2007,8,"AX",1346,NA
"616",2007,8,"B6",10897,NA
"617",2007,8,"BNQ",5,NA
"618",2007,8,"CO",39293,NA
"619",2007,8,"CP",191,NA
"620",2007,8,"CS",1343,NA
"621",2007,8,"CZQ",18,NA
"622",2007,8,"DL",51036,NA
"623",2007,8,"E0",332,NA
"624",2007,8,"E9",108,NA
"625",2007,8,"ER",971,NA
"626",2007,8,"EV",4434,NA
"627",2007,8,"EZ",542,NA
"628",2007,8,"F2",143,NA
"629",2007,8,"F9",5663,NA
"630",2007,8,"FCQ",66,NA
"631",2007,8,"FE",149,NA
"632",2007,8,"FL",8498,NA
"633",2007,8,"FX",140955,NA
"634",2007,8,"G4",1167,NA
"635",2007,8,"G7",335,NA
"636",2007,8,"GFQ",77,NA
"637",2007,8,"GG",111,NA
"638",2007,8,"GL",382,NA
"639",2007,8,"GR",381,NA
"640",2007,8,"HA",3461,NA
"641",2007,8,"HP",13899,NA
"642",2007,8,"JW",425,NA
"643",2007,8,"KAQ",885,NA
"644",2007,8,"KLQ",42,NA
"645",2007,8,"KR",201,NA
"646",2007,8,"L2",158,NA
"647",2007,8,"M6",536,NA
"648",2007,8,"MG",688,NA
"649",2007,8,"MQ",10251,NA
"650",2007,8,"MRQ",88,NA
"651",2007,8,NA,834,NA
"652",2007,8,"NC",229,NA
"653",2007,8,"NK",2316,NA
"654",2007,8,"NW",30730,NA
"655",2007,8,"OH",6476,NA
"656",2007,8,"OO",10559,NA
"657",2007,8,"OW",1909,NA
"658",2007,8,"PCQ",407,NA
"659",2007,8,"PFQ",43,NA
"660",2007,8,"PO",444,NA
"661",2007,8,"PRQ",75,NA
"662",2007,8,"PT",196,NA
"663",2007,8,"QX",4114,NA
"664",2007,8,"RD",535,NA
"665",2007,8,"RW",1058,NA
"666",2007,8,"S5",1109,NA
"667",2007,8,"SI",34,NA
"668",2007,8,"SLQ",130,NA
"669",2007,8,"SX",280,NA
"670",2007,8,"SY",992,NA
"671",2007,8,"TZ",2468,NA
"672",2007,8,"U5",615,NA
"673",2007,8,"U7",354,NA
"674",2007,8,"UA",54648,NA
"675",2007,8,"US",22034,NA
"676",2007,8,"VCQ",0,NA
"677",2007,8,"VX",525,NA
"678",2007,8,"WI",215,NA
"679",2007,8,"WN",33877,NA
"680",2007,8,"WO",1342,NA
"681",2007,8,"X9",962,NA
"682",2007,8,"XE",8304,NA
"683",2007,8,"XJ",3130,NA
"684",2007,8,"XP",180,NA
"685",2007,8,"YV",3231,NA
"686",2007,8,"YX",2430,NA
"687",2007,8,"ZW",2402,NA
"688",2007,9,"09Q",120,NA
"689",2007,9,"16",1545,NA
"690",2007,9,"3Z",278,NA
"691",2007,9,"5X",6291,NA
"692",2007,9,"5Y",1197,NA
"693",2007,9,"8C",397,NA
"694",2007,9,"9E",4158,NA
"695",2007,9,"9S",346,NA
"696",2007,9,"AA",78453,NA
"697",2007,9,"ABX",11044,NA
"698",2007,9,"AJQ",245,NA
"699",2007,9,"AMQ",36,NA
"700",2007,9,"AQ",3629,NA
"701",2007,9,"AS",10276,NA
"702",2007,9,"AX",1334,NA
"703",2007,9,"B6",10974,NA
"704",2007,9,"BNQ",5,NA
"705",2007,9,"CO",39465,NA
"706",2007,9,"CP",191,NA
"707",2007,9,"CS",1335,NA
"708",2007,9,"CZQ",19,NA
"709",2007,9,"DL",50804,NA
"710",2007,9,"E0",347,NA
"711",2007,9,"E9",101,NA
"712",2007,9,"ER",962,NA
"713",2007,9,"EV",4452,NA
"714",2007,9,"EZ",536,NA
"715",2007,9,"F2",126,NA
"716",2007,9,"F9",5749,NA
"717",2007,9,"FCQ",67,NA
"718",2007,9,"FE",150,NA
"719",2007,9,"FL",8455,NA
"720",2007,9,"FX",141123,NA
"721",2007,9,"G4",1215,NA
"722",2007,9,"G7",352,NA
"723",2007,9,"GFQ",80,NA
"724",2007,9,"GG",112,NA
"725",2007,9,"GL",386,NA
"726",2007,9,"GR",380,NA
"727",2007,9,"HA",3438,NA
"728",2007,9,"HP",13912,NA
"729",2007,9,"JW",428,NA
"730",2007,9,"KAQ",887,NA
"731",2007,9,"KLQ",43,NA
"732",2007,9,"KR",201,NA
"733",2007,9,"L2",159,NA
"734",2007,9,"M6",536,NA
"735",2007,9,"MG",668,NA
"736",2007,9,"MQ",10323,NA
"737",2007,9,"MRQ",89,NA
"738",2007,9,NA,817,NA
"739",2007,9,"NC",229,NA
"740",2007,9,"NK",2247,NA
"741",2007,9,"NW",30650,NA
"742",2007,9,"OH",6582,NA
"743",2007,9,"OO",10763,NA
"744",2007,9,"OW",1842,NA
"745",2007,9,"PCQ",396,NA
"746",2007,9,"PFQ",42,NA
"747",2007,9,"PO",444,NA
"748",2007,9,"PRQ",74,NA
"749",2007,9,"PT",196,NA
"750",2007,9,"QX",4078,NA
"751",2007,9,"RD",541,NA
"752",2007,9,"RW",1122,NA
"753",2007,9,"S5",1074,NA
"754",2007,9,"SLQ",130,NA
"755",2007,9,"SX",295,NA
"756",2007,9,"SY",1017,NA
"757",2007,9,"TZ",2461,NA
"758",2007,9,"U5",612,NA
"759",2007,9,"U7",370,NA
"760",2007,9,"UA",54894,NA
"761",2007,9,"US",21964,NA
"762",2007,9,"VCQ",0,NA
"763",2007,9,"VX",587,NA
"764",2007,9,"WE",522,NA
"765",2007,9,"WI",215,NA
"766",2007,9,"WN",34029,NA
"767",2007,9,"WO",1341,NA
"768",2007,9,"X9",940,NA
"769",2007,9,"XE",8291,NA
"770",2007,9,"XJ",3228,NA
"771",2007,9,"XP",166,NA
"772",2007,9,"YV",3262,NA
"773",2007,9,"YX",2422,NA
"774",2007,9,"ZW",2414,NA
"775",2007,10,"09Q",119,NA
"776",2007,10,"16",1578,NA
"777",2007,10,"3Z",278,NA
"778",2007,10,"5X",6311,NA
"779",2007,10,"5Y",1205,NA
"780",2007,10,"8C",386,NA
"781",2007,10,"9E",4116,NA
"782",2007,10,"9S",374,NA
"783",2007,10,"AA",78514,NA
"784",2007,10,"ABX",11426,NA
"785",2007,10,"AJQ",241,NA
"786",2007,10,"AMQ",36,NA
"787",2007,10,"AQ",3559,NA
"788",2007,10,"AS",10366,NA
"789",2007,10,"AX",1322,NA
"790",2007,10,"B6",11198,NA
"791",2007,10,"BNQ",5,NA
"792",2007,10,"CO",39605,NA
"793",2007,10,"CP",289,NA
"794",2007,10,"CS",1340,NA
"795",2007,10,"CZQ",19,NA
"796",2007,10,"DL",50914,NA
"797",2007,10,"E0",358,NA
"798",2007,10,"E9",99,NA
"799",2007,10,"ER",968,NA
"800",2007,10,"EV",4480,NA
"801",2007,10,"EZ",535,NA
"802",2007,10,"F2",143,NA
"803",2007,10,"F9",5739,NA
"804",2007,10,"FCQ",74,NA
"805",2007,10,"FE",158,NA
"806",2007,10,"FL",8482,NA
"807",2007,10,"FX",142156,NA
"808",2007,10,"G4",1262,NA
"809",2007,10,"G7",362,NA
"810",2007,10,"GFQ",88,NA
"811",2007,10,"GG",108,NA
"812",2007,10,"GL",394,NA
"813",2007,10,"GR",386,NA
"814",2007,10,"HA",3431,NA
"815",2007,10,"JW",427,NA
"816",2007,10,"KAQ",904,NA
"817",2007,10,"KLQ",42,NA
"818",2007,10,"KR",201,NA
"819",2007,10,"L2",157,NA
"820",2007,10,"M6",532,NA
"821",2007,10,"MG",658,NA
"822",2007,10,"MQ",10483,NA
"823",2007,10,"MRQ",89,NA
"824",2007,10,NA,883,NA
"825",2007,10,"NC",232,NA
"826",2007,10,"NK",2317,NA
"827",2007,10,"NW",30604,NA
"828",2007,10,"OH",6586,NA
"829",2007,10,"OO",10944,NA
"830",2007,10,"OW",1841,NA
"831",2007,10,"PCQ",399,NA
"832",2007,10,"PFQ",42,NA
"833",2007,10,"PO",455,NA
"834",2007,10,"PRQ",74,NA
"835",2007,10,"PT",210,NA
"836",2007,10,"QX",4107,NA
"837",2007,10,"RD",597,NA
"838",2007,10,"RW",1159,NA
"839",2007,10,"S5",1122,NA
"840",2007,10,"SLQ",130,NA
"841",2007,10,"SX",316,NA
"842",2007,10,"SY",1031,NA
"843",2007,10,"TZ",2457,NA
"844",2007,10,"U5",612,NA
"845",2007,10,"U7",378,NA
"846",2007,10,"UA",55183,NA
"847",2007,10,"US",35990,NA
"848",2007,10,"VCQ",0,NA
"849",2007,10,"VX",703,NA
"850",2007,10,"WI",215,NA
"851",2007,10,"WN",34131,NA
"852",2007,10,"WO",1316,NA
"853",2007,10,"X9",922,NA
"854",2007,10,"XE",8251,NA
"855",2007,10,"XJ",3333,NA
"856",2007,10,"XP",158,NA
"857",2007,10,"YV",3259,NA
"858",2007,10,"YX",2430,NA
"859",2007,10,"ZW",2443,NA
"860",2007,11,"09Q",116,NA
"861",2007,11,"16",1442,NA
"862",2007,11,"3Z",304,NA
"863",2007,11,"5X",6314,NA
"864",2007,11,"5Y",1205,NA
"865",2007,11,"8C",381,NA
"866",2007,11,"9E",4108,NA
"867",2007,11,"9S",416,NA
"868",2007,11,"AA",78722,NA
"869",2007,11,"ABX",11799,NA
"870",2007,11,"AJQ",243,NA
"871",2007,11,"AMQ",36,NA
"872",2007,11,"AQ",3511,NA
"873",2007,11,"AS",10404,NA
"874",2007,11,"AX",1317,NA
"875",2007,11,"B6",11518,NA
"876",2007,11,"BNQ",5,NA
"877",2007,11,"CO",39703,NA
"878",2007,11,"CP",331,NA
"879",2007,11,"CS",1333,NA
"880",2007,11,"CZQ",19,NA
"881",2007,11,"DL",51224,NA
"882",2007,11,"E0",368,NA
"883",2007,11,"E9",93,NA
"884",2007,11,"ER",962,NA
"885",2007,11,"EV",4380,NA
"886",2007,11,"EZ",529,NA
"887",2007,11,"F2",139,NA
"888",2007,11,"F9",5782,NA
"889",2007,11,"FCQ",71,NA
"890",2007,11,"FE",156,NA
"891",2007,11,"FL",8552,NA
"892",2007,11,"FX",143285,NA
"893",2007,11,"G4",1326,NA
"894",2007,11,"G7",359,NA
"895",2007,11,"GFQ",86,NA
"896",2007,11,"GG",106,NA
"897",2007,11,"GL",406,NA
"898",2007,11,"GR",393,NA
"899",2007,11,"HA",3431,NA
"900",2007,11,"JW",425,NA
"901",2007,11,"KAQ",893,NA
"902",2007,11,"KLQ",42,NA
"903",2007,11,"KR",201,NA
"904",2007,11,"L2",158,NA
"905",2007,11,"M6",536,NA
"906",2007,11,"MG",642,NA
"907",2007,11,"MQ",10478,NA
"908",2007,11,"MRQ",89,NA
"909",2007,11,NA,859,NA
"910",2007,11,"NC",227,NA
"911",2007,11,"NK",2429,NA
"912",2007,11,"NW",30974,NA
"913",2007,11,"OH",6626,NA
"914",2007,11,"OO",10960,NA
"915",2007,11,"OW",1879,NA
"916",2007,11,"PCQ",388,NA
"917",2007,11,"PFQ",41,NA
"918",2007,11,"PO",455,NA
"919",2007,11,"PRQ",74,NA
"920",2007,11,"PT",210,NA
"921",2007,11,"QX",4070,NA
"922",2007,11,"RD",598,NA
"923",2007,11,"RW",1235,NA
"924",2007,11,"S5",1117,NA
"925",2007,11,"SLQ",128,NA
"926",2007,11,"SX",362,NA
"927",2007,11,"SY",1082,NA
"928",2007,11,"TZ",2425,NA
"929",2007,11,"U5",612,NA
"930",2007,11,"U7",382,NA
"931",2007,11,"UA",55250,NA
"932",2007,11,"US",35843,NA
"933",2007,11,"VCQ",0,NA
"934",2007,11,"VX",751,NA
"935",2007,11,"WI",207,NA
"936",2007,11,"WN",34361,NA
"937",2007,11,"WO",1313,NA
"938",2007,11,"X9",932,NA
"939",2007,11,"XE",8256,NA
"940",2007,11,"XJ",3404,NA
"941",2007,11,"XP",143,NA
"942",2007,11,"YV",3217,NA
"943",2007,11,"YX",2430,NA
"944",2007,11,"ZW",2401,NA
"945",2007,12,"09Q",116,NA
"946",2007,12,"16",1412,NA
"947",2007,12,"3Z",304,NA
"948",2007,12,"5X",6196,NA
"949",2007,12,"5Y",1205,NA
"950",2007,12,"8C",363,NA
"951",2007,12,"9E",4114,NA
"952",2007,12,"9S",445,NA
"953",2007,12,"AA",78701,NA
"954",2007,12,"ABX",11255,NA
"955",2007,12,"AJQ",248,NA
"956",2007,12,"AMQ",33,NA
"957",2007,12,"AQ",3590,NA
"958",2007,12,"AS",10424,NA
"959",2007,12,"AX",1310,NA
"960",2007,12,"B6",11568,NA
"961",2007,12,"BNQ",5,NA
"962",2007,12,"CO",39640,NA
"963",2007,12,"CP",355,NA
"964",2007,12,"CS",1337,NA
"965",2007,12,"CZQ",20,NA
"966",2007,12,"DL",50974,NA
"967",2007,12,"E0",369,NA
"968",2007,12,"E9",94,NA
"969",2007,12,"ER",965,NA
"970",2007,12,"EV",4385,NA
"971",2007,12,"EZ",526,NA
"972",2007,12,"F2",131,NA
"973",2007,12,"F9",5737,NA
"974",2007,12,"FCQ",69,NA
"975",2007,12,"FE",164,NA
"976",2007,12,"FL",8627,NA
"977",2007,12,"FX",142557,NA
"978",2007,12,"G4",1375,NA
"979",2007,12,"G7",363,NA
"980",2007,12,"GFQ",83,NA
"981",2007,12,"GG",83,NA
"982",2007,12,"GL",405,NA
"983",2007,12,"GR",393,NA
"984",2007,12,"HA",3445,NA
"985",2007,12,"JW",427,NA
"986",2007,12,"KAQ",905,NA
"987",2007,12,"KLQ",45,NA
"988",2007,12,"L2",159,NA
"989",2007,12,"M6",610,NA
"990",2007,12,"MG",613,NA
"991",2007,12,"MQ",10435,NA
"992",2007,12,"MRQ",89,NA
"993",2007,12,NA,868,NA
"994",2007,12,"NC",229,NA
"995",2007,12,"NK",2309,NA
"996",2007,12,"NW",31472,NA
"997",2007,12,"OH",6712,NA
"998",2007,12,"OO",11117,NA
"999",2007,12,"OW",1899,NA
"1000",2007,12,"PCQ",380,NA
"1001",2007,12,"PFQ",41,NA
"1002",2007,12,"PO",455,NA
"1003",2007,12,"PRQ",73,NA
"1004",2007,12,"PT",209,NA
"1005",2007,12,"QX",4056,NA
"1006",2007,12,"RD",649,NA
"1007",2007,12,"SLQ",128,NA
"1008",2007,12,"SX",381,NA
"1009",2007,12,"SY",1072,NA
"1010",2007,12,"TZ",2394,NA
"1011",2007,12,"U5",658,NA
"1012",2007,12,"U7",384,NA
"1013",2007,12,"UA",55250,NA
"1014",2007,12,"US",35742,NA
"1015",2007,12,"VCQ",0,NA
"1016",2007,12,"VX",760,NA
"1017",2007,12,"WE",526,NA
"1018",2007,12,"WI",201,NA
"1019",2007,12,"WN",34650,NA
"1020",2007,12,"WO",1314,NA
"1021",2007,12,"X9",906,NA
"1022",2007,12,"XE",8192,NA
"1023",2007,12,"XJ",3414,NA
"1024",2007,12,"XP",130,NA
"1025",2007,12,"YV",3117,NA
"1026",2007,12,"YX",2437,NA
"1027",2007,12,"ZW",2377,NA
"1028",2008,1,"09Q",121,NA
"1029",2008,1,"16",1201,NA
"1030",2008,1,"3Z",282,NA
"1031",2008,1,"5X",6159,NA
"1032",2008,1,"5Y",1205,NA
"1033",2008,1,"8C",372,NA
"1034",2008,1,"9E",4159,NA
"1035",2008,1,"9S",495,NA
"1036",2008,1,"AA",78732,NA
"1037",2008,1,"ABX",10657,NA
"1038",2008,1,"AJQ",247,NA
"1039",2008,1,"AMQ",35,NA
"1040",2008,1,"AQ",3592,NA
"1041",2008,1,"AS",10425,NA
"1042",2008,1,"B6",11877,NA
"1043",2008,1,"BNQ",4,NA
"1044",2008,1,"CO",39735,NA
"1045",2008,1,"CP",384,NA
"1046",2008,1,"CS",1332,NA
"1047",2008,1,"CZQ",20,NA
"1048",2008,1,"DL",50653,NA
"1049",2008,1,"E0",385,NA
"1050",2008,1,"E9",94,NA
"1051",2008,1,"ER",954,NA
"1052",2008,1,"EV",4484,NA
"1053",2008,1,"EZ",501,NA
"1054",2008,1,"F2",47,NA
"1055",2008,1,"F9",5809,NA
"1056",2008,1,"FCQ",69,NA
"1057",2008,1,"FE",158,NA
"1058",2008,1,"FL",8425,NA
"1059",2008,1,"FX",141917,NA
"1060",2008,1,"G4",1363,NA
"1061",2008,1,"G7",375,NA
"1062",2008,1,"GFQ",83,NA
"1063",2008,1,"GL",399,NA
"1064",2008,1,"GR",335,NA
"1065",2008,1,"HA",3410,NA
"1066",2008,1,"JW",432,NA
"1067",2008,1,"KAQ",905,NA
"1068",2008,1,"KLQ",45,NA
"1069",2008,1,"L2",158,NA
"1070",2008,1,"M6",602,NA
"1071",2008,1,"MG",644,NA
"1072",2008,1,"MQ",10410,NA
"1073",2008,1,"MRQ",87,NA
"1074",2008,1,NA,859,NA
"1075",2008,1,"NC",219,NA
"1076",2008,1,"NK",2339,NA
"1077",2008,1,"NW",30816,NA
"1078",2008,1,"OH",6575,NA
"1079",2008,1,"OO",11115,NA
"1080",2008,1,"OW",1943,NA
"1081",2008,1,"PCQ",425,NA
"1082",2008,1,"PFQ",41,NA
"1083",2008,1,"PO",455,NA
"1084",2008,1,"PRQ",73,NA
"1085",2008,1,"PT",209,NA
"1086",2008,1,"QX",4065,NA
"1087",2008,1,"RD",654,NA
"1088",2008,1,"RW",1348,NA
"1089",2008,1,"S5",1151,NA
"1090",2008,1,"SI",23,NA
"1091",2008,1,"SLQ",124,NA
"1092",2008,1,"SX",431,NA
"1093",2008,1,"SY",1085,NA
"1094",2008,1,"TZ",2300,NA
"1095",2008,1,"U5",658,NA
"1096",2008,1,"U7",384,NA
"1097",2008,1,"UA",55288,NA
"1098",2008,1,"US",35707,NA
"1099",2008,1,"VCQ",0,NA
"1100",2008,1,"VX",784,NA
"1101",2008,1,"WE",586,NA
"1102",2008,1,"WI",202,NA
"1103",2008,1,"WN",34462,NA
"1104",2008,1,"WO",1343,NA
"1105",2008,1,"X9",906,NA
"1106",2008,1,"XE",8102,NA
"1107",2008,1,"XJ",3545,NA
"1108",2008,1,"XP",129,NA
"1109",2008,1,"YV",3042,NA
"1110",2008,1,"YX",2422,NA
"1111",2008,1,"ZW",2321,NA
"1112",2008,2,"09Q",121,NA
"1113",2008,2,"16",1175,NA
"1114",2008,2,"3Z",286,NA
"1115",2008,2,"5X",6142,NA
"1116",2008,2,"5Y",1205,NA
"1117",2008,2,"8C",372,NA
"1118",2008,2,"9E",4178,NA
"1119",2008,2,"9S",530,NA
"1120",2008,2,"AA",78565,NA
"1121",2008,2,"ABX",10593,NA
"1122",2008,2,"AJQ",249,NA
"1123",2008,2,"AMQ",35,NA
"1124",2008,2,"AQ",3395,NA
"1125",2008,2,"AS",10510,NA
"1126",2008,2,"B6",11949,NA
"1127",2008,2,"BNQ",4,NA
"1128",2008,2,"CO",39976,NA
"1129",2008,2,"CP",411,NA
"1130",2008,2,"CS",1327,NA
"1131",2008,2,"CZQ",20,NA
"1132",2008,2,"DL",51123,NA
"1133",2008,2,"E0",425,NA
"1134",2008,2,"E9",52,NA
"1135",2008,2,"ER",951,NA
"1136",2008,2,"EV",4559,NA
"1137",2008,2,"EZ",488,NA
"1138",2008,2,"F2",22,NA
"1139",2008,2,"F9",5792,NA
"1140",2008,2,"FCQ",69,NA
"1141",2008,2,"FE",151,NA
"1142",2008,2,"FL",8475,NA
"1143",2008,2,"FX",143645,NA
"1144",2008,2,"G4",1411,NA
"1145",2008,2,"G7",370,NA
"1146",2008,2,"GFQ",80,NA
"1147",2008,2,"GL",417,NA
"1148",2008,2,"GR",392,NA
"1149",2008,2,"HA",3437,NA
"1150",2008,2,"JW",439,NA
"1151",2008,2,"KAQ",957,NA
"1152",2008,2,"KLQ",44,NA
"1153",2008,2,"L2",161,NA
"1154",2008,2,"L4",309,NA
"1155",2008,2,"M6",623,NA
"1156",2008,2,"MG",621,NA
"1157",2008,2,"MQ",10464,NA
"1158",2008,2,"MRQ",87,NA
"1159",2008,2,NA,855,NA
"1160",2008,2,"NC",218,NA
"1161",2008,2,"NK",2500,NA
"1162",2008,2,"NW",30964,NA
"1163",2008,2,"OH",6458,NA
"1164",2008,2,"OO",11023,NA
"1165",2008,2,"OW",1998,NA
"1166",2008,2,"PCQ",424,NA
"1167",2008,2,"PFQ",43,NA
"1168",2008,2,"PO",454,NA
"1169",2008,2,"PRQ",72,NA
"1170",2008,2,"PT",208,NA
"1171",2008,2,"QX",4052,NA
"1172",2008,2,"RD",646,NA
"1173",2008,2,"RW",699,NA
"1174",2008,2,"S5",1078,NA
"1175",2008,2,"SI",19,NA
"1176",2008,2,"SLQ",124,NA
"1177",2008,2,"SX",448,NA
"1178",2008,2,"SY",712,NA
"1179",2008,2,"TZ",2255,NA
"1180",2008,2,"U5",684,NA
"1181",2008,2,"U7",392,NA
"1182",2008,2,"UA",55254,NA
"1183",2008,2,"US",35751,NA
"1184",2008,2,"VCQ",0,NA
"1185",2008,2,"VX",862,NA
"1186",2008,2,"WE",608,NA
"1187",2008,2,"WI",203,NA
"1188",2008,2,"WN",34346,NA
"1189",2008,2,"WO",1335,NA
"1190",2008,2,"X9",935,NA
"1191",2008,2,"XE",8051,NA
"1192",2008,2,"XJ",3630,NA
"1193",2008,2,"XP",158,NA
"1194",2008,2,"YV",2963,NA
"1195",2008,2,"YX",2398,NA
"1196",2008,2,"ZW",2335,NA
"1197",2008,3,"09Q",119,NA
"1198",2008,3,"16",1161,NA
"1199",2008,3,"3Z",297,NA
"1200",2008,3,"5X",6134,NA
"1201",2008,3,"5Y",1232,NA
"1202",2008,3,"8C",390,NA
"1203",2008,3,"9E",4061,NA
"1204",2008,3,"9S",540,NA
"1205",2008,3,"AA",78493,NA
"1206",2008,3,"ABX",10500,NA
"1207",2008,3,"AJQ",256,NA
"1208",2008,3,"AMQ",34,NA
"1209",2008,3,"AQ",3560,NA
"1210",2008,3,"AS",10595,NA
"1211",2008,3,"B6",12026,NA
"1212",2008,3,"BNQ",4,NA
"1213",2008,3,"CO",40170,NA
"1214",2008,3,"CP",456,NA
"1215",2008,3,"CS",1321,NA
"1216",2008,3,"CZQ",20,NA
"1217",2008,3,"DL",51512,NA
"1218",2008,3,"E0",457,NA
"1219",2008,3,"E9",46,NA
"1220",2008,3,"ER",952,NA
"1221",2008,3,"EV",4587,NA
"1222",2008,3,"EZ",481,NA
"1223",2008,3,"F2",20,NA
"1224",2008,3,"F9",5671,NA
"1225",2008,3,"FCQ",68,NA
"1226",2008,3,"FE",142,NA
"1227",2008,3,"FL",8649,NA
"1228",2008,3,"FX",143693,NA
"1229",2008,3,"G4",1477,NA
"1230",2008,3,"G7",368,NA
"1231",2008,3,"GFQ",81,NA
"1232",2008,3,"GL",396,NA
"1233",2008,3,"GR",384,NA
"1234",2008,3,"HA",3500,NA
"1235",2008,3,"JW",434,NA
"1236",2008,3,"KAQ",960,NA
"1237",2008,3,"KLQ",42,NA
"1238",2008,3,"L2",160,NA
"1239",2008,3,"L4",349,NA
"1240",2008,3,"M6",617,NA
"1241",2008,3,"MG",600,NA
"1242",2008,3,"MQ",10478,NA
"1243",2008,3,"MRQ",99,NA
"1244",2008,3,"NC",221,NA
"1245",2008,3,"NK",2606,NA
"1246",2008,3,"NW",31187,NA
"1247",2008,3,"OH",6441,NA
"1248",2008,3,"OO",10885,NA
"1249",2008,3,"OW",2004,NA
"1250",2008,3,"PCQ",442,NA
"1251",2008,3,"PFQ",44,NA
"1252",2008,3,"PO",445,NA
"1253",2008,3,"PRQ",70,NA
"1254",2008,3,"PT",207,NA
"1255",2008,3,"QX",4061,NA
"1256",2008,3,"RD",646,NA
"1257",2008,3,"RW",699,NA
"1258",2008,3,"S5",1078,NA
"1259",2008,3,"SI",26,NA
"1260",2008,3,"SLQ",124,NA
"1261",2008,3,"SX",445,NA
"1262",2008,3,"SY",1067,NA
"1263",2008,3,"U5",684,NA
"1264",2008,3,"U7",396,NA
"1265",2008,3,"UA",55662,NA
"1266",2008,3,"US",35702,NA
"1267",2008,3,"VCQ",0,NA
"1268",2008,3,"VX",927,NA
"1269",2008,3,"WE",635,NA
"1270",2008,3,"WI",218,NA
"1271",2008,3,"WN",34222,NA
"1272",2008,3,"WO",1280,NA
"1273",2008,3,"X9",936,NA
"1274",2008,3,"XE",7908,NA
"1275",2008,3,"XJ",3584,NA
"1276",2008,3,"XP",141,NA
"1277",2008,3,"YV",2954,NA
"1278",2008,3,"YX",2397,NA
"1279",2008,3,"ZW",2386,NA
"1280",2008,4,"09Q",120,NA
"1281",2008,4,"16",1155,NA
"1282",2008,4,"3Z",304,NA
"1283",2008,4,"5X",6126,NA
"1284",2008,4,"5Y",1233,NA
"1285",2008,4,"8C",384,NA
"1286",2008,4,"9E",4063,NA
"1287",2008,4,"9L",1358,NA
"1288",2008,4,"9S",521,NA
"1289",2008,4,"AA",78443,NA
"1290",2008,4,"ABX",10462,NA
"1291",2008,4,"AJQ",252,NA
"1292",2008,4,"AMQ",36,NA
"1293",2008,4,"AS",10637,NA
"1294",2008,4,"B6",12154,NA
"1295",2008,4,"BNQ",4,NA
"1296",2008,4,"CO",40339,NA
"1297",2008,4,"CP",500,NA
"1298",2008,4,"CS",1278,NA
"1299",2008,4,"DL",51573,NA
"1300",2008,4,"E0",93,NA
"1301",2008,4,"E9",13,NA
"1302",2008,4,"ER",957,NA
"1303",2008,4,"EV",4611,NA
"1304",2008,4,"EZ",481,NA
"1305",2008,4,"F2",15,NA
"1306",2008,4,"F9",5611,NA
"1307",2008,4,"FCQ",61,NA
"1308",2008,4,"FE",145,NA
"1309",2008,4,"FL",8571,NA
"1310",2008,4,"FX",143761,NA
"1311",2008,4,"G4",1505,NA
"1312",2008,4,"G7",359,NA
"1313",2008,4,"GFQ",73,NA
"1314",2008,4,"GL",390,NA
"1315",2008,4,"GR",383,NA
"1316",2008,4,"HA",3458,NA
"1317",2008,4,"JW",438,NA
"1318",2008,4,"KAQ",989,NA
"1319",2008,4,"KLQ",43,NA
"1320",2008,4,"L2",161,NA
"1321",2008,4,"L4",363,NA
"1322",2008,4,"M6",631,NA
"1323",2008,4,"MG",578,NA
"1324",2008,4,"MQ",10465,NA
"1325",2008,4,"MRQ",98,NA
"1326",2008,4,NA,865,NA
"1327",2008,4,"NC",222,NA
"1328",2008,4,"NK",2561,NA
"1329",2008,4,"NW",30683,NA
"1330",2008,4,"OH",6432,NA
"1331",2008,4,"OO",10565,NA
"1332",2008,4,"OW",1984,NA
"1333",2008,4,"PCQ",431,NA
"1334",2008,4,"PFQ",44,NA
"1335",2008,4,"PO",441,NA
"1336",2008,4,"PRQ",75,NA
"1337",2008,4,"PT",219,NA
"1338",2008,4,"QX",4091,NA
"1339",2008,4,"RD",630,NA
"1340",2008,4,"RW",1489,NA
"1341",2008,4,"S5",1175,NA
"1342",2008,4,"SI",26,NA
"1343",2008,4,"SLQ",124,NA
"1344",2008,4,"SY",932,NA
"1345",2008,4,"U5",675,NA
"1346",2008,4,"U7",396,NA
"1347",2008,4,"UA",55527,NA
"1348",2008,4,"US",35847,NA
"1349",2008,4,"VCQ",0,NA
"1350",2008,4,"VX",820,NA
"1351",2008,4,"WE",653,NA
"1352",2008,4,"WI",225,NA
"1353",2008,4,"WN",34384,NA
"1354",2008,4,"WO",1277,NA
"1355",2008,4,"X9",997,NA
"1356",2008,4,"XE",7839,NA
"1357",2008,4,"XJ",3698,NA
"1358",2008,4,"XP",131,NA
"1359",2008,4,"YV",2944,NA
"1360",2008,4,"YX",2367,NA
"1361",2008,4,"ZW",2944,NA
"1362",2008,5,"09Q",122,NA
"1363",2008,5,"16",1141,NA
"1364",2008,5,"3Z",302,NA
"1365",2008,5,"5X",6110,NA
"1366",2008,5,"5Y",1229,NA
"1367",2008,5,"8C",399,NA
"1368",2008,5,"9E",4094,NA
"1369",2008,5,"9L",1408,NA
"1370",2008,5,"9S",532,NA
"1371",2008,5,"AA",78634,NA
"1372",2008,5,"ABX",10197,NA
"1373",2008,5,"AJQ",253,NA
"1374",2008,5,"AMQ",35,NA
"1375",2008,5,"KH",397,NA
"1376",2008,5,"AS",10670,NA
"1377",2008,5,"B6",12110,NA
"1378",2008,5,"BNQ",4,NA
"1379",2008,5,"CO",40444,NA
"1380",2008,5,"CP",551,NA
"1381",2008,5,"CS",1275,NA
"1382",2008,5,"DL",51483,NA
"1383",2008,5,"ER",977,NA
"1384",2008,5,"EV",4645,NA
"1385",2008,5,"EZ",484,NA
"1386",2008,5,"F2",10,NA
"1387",2008,5,"F9",5617,NA
"1388",2008,5,"FCQ",60,NA
"1389",2008,5,"FE",129,NA
"1390",2008,5,"FL",8624,NA
"1391",2008,5,"FX",145124,NA
"1392",2008,5,"G4",1492,NA
"1393",2008,5,"G7",351,NA
"1394",2008,5,"GFQ",70,NA
"1395",2008,5,"GL",389,NA
"1396",2008,5,"GR",384,NA
"1397",2008,5,"HA",3591,NA
"1398",2008,5,"JW",463,NA
"1399",2008,5,"KAQ",1013,NA
"1400",2008,5,"KLQ",44,NA
"1401",2008,5,"L2",162,NA
"1402",2008,5,"L4",364,NA
"1403",2008,5,"M6",591,NA
"1404",2008,5,"MG",565,NA
"1405",2008,5,"MQ",10496,NA
"1406",2008,5,"MRQ",108,NA
"1407",2008,5,NA,862,NA
"1408",2008,5,"NC",235,NA
"1409",2008,5,"NK",2645,NA
"1410",2008,5,"NW",30811,NA
"1411",2008,5,"OH",6338,NA
"1412",2008,5,"OO",10395,NA
"1413",2008,5,"OW",1985,NA
"1414",2008,5,"PCQ",449,NA
"1415",2008,5,"PFQ",44,NA
"1416",2008,5,"PO",441,NA
"1417",2008,5,"PRQ",75,NA
"1418",2008,5,"PT",227,NA
"1419",2008,5,"QX",4096,NA
"1420",2008,5,"RD",631,NA
"1421",2008,5,"RW",1489,NA
"1422",2008,5,"S5",1175,NA
"1423",2008,5,"SI",27,NA
"1424",2008,5,"SLQ",120,NA
"1425",2008,5,"SY",916,NA
"1426",2008,5,"U5",644,NA
"1427",2008,5,"U7",401,NA
"1428",2008,5,"UA",55017,NA
"1429",2008,5,"US",35938,NA
"1430",2008,5,"VCQ",0,NA
"1431",2008,5,"VX",1161,NA
"1432",2008,5,"WE",671,NA
"1433",2008,5,"WI",222,NA
"1434",2008,5,"WN",34242,NA
"1435",2008,5,"WO",1310,NA
"1436",2008,5,"X9",1063,NA
"1437",2008,5,"XE",7707,NA
"1438",2008,5,"XJ",3690,NA
"1439",2008,5,"XP",130,NA
"1440",2008,5,"YV",2957,NA
"1441",2008,5,"YX",2301,NA
"1442",2008,5,"ZW",3182,NA
"1443",2008,6,"09Q",122,NA
"1444",2008,6,"16",1098,NA
"1445",2008,6,"3Z",298,NA
"1446",2008,6,"5X",6092,NA
"1447",2008,6,"5Y",1225,NA
"1448",2008,6,"8C",406,NA
"1449",2008,6,"9E",4140,NA
"1450",2008,6,"9L",1427,NA
"1451",2008,6,"9S",543,NA
"1452",2008,6,"AA",78456,NA
"1453",2008,6,"ABX",9921,NA
"1454",2008,6,"AJQ",254,NA
"1455",2008,6,"AMQ",35,NA
"1456",2008,6,"KH",399,NA
"1457",2008,6,"AS",10691,NA
"1458",2008,6,"B6",11990,NA
"1459",2008,6,"BNQ",4,NA
"1460",2008,6,"CO",40285,NA
"1461",2008,6,"CP",594,NA
"1462",2008,6,"CS",1283,NA
"1463",2008,6,"DL",51679,NA
"1464",2008,6,"ER",947,NA
"1465",2008,6,"EV",4620,NA
"1466",2008,6,"EZ",490,NA
"1467",2008,6,"F2",10,NA
"1468",2008,6,"F9",5459,NA
"1469",2008,6,"FCQ",60,NA
"1470",2008,6,"FE",124,NA
"1471",2008,6,"FL",8639,NA
"1472",2008,6,"FX",144757,NA
"1473",2008,6,"G4",1488,NA
"1474",2008,6,"G7",357,NA
"1475",2008,6,"GFQ",70,NA
"1476",2008,6,"GL",393,NA
"1477",2008,6,"GR",384,NA
"1478",2008,6,"HA",3674,NA
"1479",2008,6,"JW",470,NA
"1480",2008,6,"KAQ",1011,NA
"1481",2008,6,"KLQ",46,NA
"1482",2008,6,"L2",161,NA
"1483",2008,6,"L4",376,NA
"1484",2008,6,"M6",566,NA
"1485",2008,6,"MQ",10435,NA
"1486",2008,6,"MRQ",101,NA
"1487",2008,6,NA,848,NA
"1488",2008,6,"NC",228,NA
"1489",2008,6,"NK",2600,NA
"1490",2008,6,"NW",30849,NA
"1491",2008,6,"OH",6395,NA
"1492",2008,6,"OO",10377,NA
"1493",2008,6,"OW",1975,NA
"1494",2008,6,"PCQ",456,NA
"1495",2008,6,"PFQ",44,NA
"1496",2008,6,"PO",435,NA
"1497",2008,6,"PRQ",75,NA
"1498",2008,6,"PT",226,NA
"1499",2008,6,"QX",4041,NA
"1500",2008,6,"RD",475,NA
"1501",2008,6,"RW",1363,NA
"1502",2008,6,"S5",1186,NA
"1503",2008,6,"SI",29,NA
"1504",2008,6,"SLQ",120,NA
"1505",2008,6,"SY",894,NA
"1506",2008,6,"U5",590,NA
"1507",2008,6,"U7",401,NA
"1508",2008,6,"UA",54457,NA
"1509",2008,6,"US",35719,NA
"1510",2008,6,"VCQ",0,NA
"1511",2008,6,"VX",1228,NA
"1512",2008,6,"WE",655,NA
"1513",2008,6,"WI",77,NA
"1514",2008,6,"WN",34373,NA
"1515",2008,6,"WO",1341,NA
"1516",2008,6,"X9",1057,NA
"1517",2008,6,"XE",7486,NA
"1518",2008,6,"XJ",3807,NA
"1519",2008,6,"XP",118,NA
"1520",2008,6,"YV",2926,NA
"1521",2008,6,"YX",2259,NA
"1522",2008,6,"ZW",3269,NA
"1523",2008,7,"09Q",123,NA
"1524",2008,7,"16",1064,NA
"1525",2008,7,"3Z",305,NA
"1526",2008,7,"5X",6089,NA
"1527",2008,7,"5Y",1246,NA
"1528",2008,7,"8C",404,NA
"1529",2008,7,"9E",4149,NA
"1530",2008,7,"9L",1385,NA
"1531",2008,7,"9S",545,NA
"1532",2008,7,"AA",78438,NA
"1533",2008,7,"ABX",9650,NA
"1534",2008,7,"AJQ",250,NA
"1535",2008,7,"AMQ",35,NA
"1536",2008,7,"KH",394,NA
"1537",2008,7,"AS",10635,NA
"1538",2008,7,"B6",11878,NA
"1539",2008,7,"BNQ",4,NA
"1540",2008,7,"CO",40050,NA
"1541",2008,7,"CP",641,NA
"1542",2008,7,"CS",1272,NA
"1543",2008,7,"DL",50675,NA
"1544",2008,7,"ER",945,NA
"1545",2008,7,"EV",4575,NA
"1546",2008,7,"EZ",492,NA
"1547",2008,7,"F2",6,NA
"1548",2008,7,"F9",5248,NA
"1549",2008,7,"FCQ",62,NA
"1550",2008,7,"FL",8541,NA
"1551",2008,7,"FX",144350,NA
"1552",2008,7,"G4",1523,NA
"1553",2008,7,"G7",364,NA
"1554",2008,7,"GFQ",68,NA
"1555",2008,7,"GL",396,NA
"1556",2008,7,"HA",3715,NA
"1557",2008,7,"JW",463,NA
"1558",2008,7,"KAQ",1021,NA
"1559",2008,7,"KLQ",49,NA
"1560",2008,7,"L2",163,NA
"1561",2008,7,"L4",358,NA
"1562",2008,7,"M6",545,NA
"1563",2008,7,"MQ",10350,NA
"1564",2008,7,"MRQ",95,NA
"1565",2008,7,NA,827,NA
"1566",2008,7,"NC",231,NA
"1567",2008,7,"NK",2469,NA
"1568",2008,7,"NW",30593,NA
"1569",2008,7,"OH",6575,NA
"1570",2008,7,"OO",10182,NA
"1571",2008,7,"OW",1950,NA
"1572",2008,7,"PCQ",461,NA
"1573",2008,7,"PFQ",44,NA
"1574",2008,7,"PO",422,NA
"1575",2008,7,"PRQ",71,NA
"1576",2008,7,"PT",220,NA
"1577",2008,7,"QX",3980,NA
"1578",2008,7,"RD",494,NA
"1579",2008,7,"RW",1282,NA
"1580",2008,7,"S5",1149,NA
"1581",2008,7,"SLQ",125,NA
"1582",2008,7,"SY",878,NA
"1583",2008,7,"U5",579,NA
"1584",2008,7,"U7",330,NA
"1585",2008,7,"UA",53724,NA
"1586",2008,7,"US",35350,NA
"1587",2008,7,"VCQ",0,NA
"1588",2008,7,"VX",1240,NA
"1589",2008,7,"WE",636,NA
"1590",2008,7,"WI",77,NA
"1591",2008,7,"WN",34644,NA
"1592",2008,7,"WO",1365,NA
"1593",2008,7,"X9",1037,NA
"1594",2008,7,"XE",7307,NA
"1595",2008,7,"XJ",3810,NA
"1596",2008,7,"XP",127,NA
"1597",2008,7,"YV",3021,NA
"1598",2008,7,"YX",2119,NA
"1599",2008,7,"ZW",3183,NA
"1600",2008,8,"09Q",123,NA
"1601",2008,8,"16",1040,NA
"1602",2008,8,"3Z",308,NA
"1603",2008,8,"5X",6082,NA
"1604",2008,8,"5Y",1215,NA
"1605",2008,8,"8C",396,NA
"1606",2008,8,"9E",4174,NA
"1607",2008,8,"9L",1396,NA
"1608",2008,8,"9S",542,NA
"1609",2008,8,"AA",77815,NA
"1610",2008,8,"ABX",9066,NA
"1611",2008,8,"AJQ",246,NA
"1612",2008,8,"AMQ",35,NA
"1613",2008,8,"KH",382,NA
"1614",2008,8,"AS",10577,NA
"1615",2008,8,"B6",11779,NA
"1616",2008,8,"BNQ",4,NA
"1617",2008,8,"CO",38995,NA
"1618",2008,8,"CP",690,NA
"1619",2008,8,"CS",1259,NA
"1620",2008,8,"DL",49819,NA
"1621",2008,8,"ER",932,NA
"1622",2008,8,"EV",4554,NA
"1623",2008,8,"EZ",492,NA
"1624",2008,8,"F9",5055,NA
"1625",2008,8,"FCQ",62,NA
"1626",2008,8,"FE",106,NA
"1627",2008,8,"FL",8302,NA
"1628",2008,8,"FX",143689,NA
"1629",2008,8,"G4",1505,NA
"1630",2008,8,"G7",383,NA
"1631",2008,8,"GFQ",67,NA
"1632",2008,8,"GL",389,NA
"1633",2008,8,"HA",3702,NA
"1634",2008,8,"JW",462,NA
"1635",2008,8,"KAQ",1018,NA
"1636",2008,8,"KLQ",50,NA
"1637",2008,8,"L2",160,NA
"1638",2008,8,"L4",368,NA
"1639",2008,8,"M6",544,NA
"1640",2008,8,"MQ",10293,NA
"1641",2008,8,"MRQ",98,NA
"1642",2008,8,"NC",231,NA
"1643",2008,8,"NK",2380,NA
"1644",2008,8,"NW",30238,NA
"1645",2008,8,"OH",6302,NA
"1646",2008,8,"OO",10017,NA
"1647",2008,8,"OW",1861,NA
"1648",2008,8,"PCQ",473,NA
"1649",2008,8,"PFQ",43,NA
"1650",2008,8,"PO",413,NA
"1651",2008,8,"PRQ",74,NA
"1652",2008,8,"PT",223,NA
"1653",2008,8,"QX",3898,NA
"1654",2008,8,"RD",582,NA
"1655",2008,8,"RW",1284,NA
"1656",2008,8,"S5",1151,NA
"1657",2008,8,"SI",34,NA
"1658",2008,8,"SLQ",130,NA
"1659",2008,8,"SY",811,NA
"1660",2008,8,"U5",579,NA
"1661",2008,8,"U7",330,NA
"1662",2008,8,"UA",52665,NA
"1663",2008,8,"US",34959,NA
"1664",2008,8,"VCQ",0,NA
"1665",2008,8,"VX",1193,NA
"1666",2008,8,"WE",630,NA
"1667",2008,8,"WI",76,NA
"1668",2008,8,"WN",35644,NA
"1669",2008,8,"WO",1402,NA
"1670",2008,8,"X9",1052,NA
"1671",2008,8,"XE",7146,NA
"1672",2008,8,"XJ",3782,NA
"1673",2008,8,"XP",126,NA
"1674",2008,8,"YV",3062,NA
"1675",2008,8,"YX",2005,NA
"1676",2008,8,"ZW",3248,NA
"1677",2008,9,"09Q",128,NA
"1678",2008,9,"16",993,NA
"1679",2008,9,"3Z",303,NA
"1680",2008,9,"5X",6088,NA
"1681",2008,9,"5Y",1203,NA
"1682",2008,9,"8C",401,NA
"1683",2008,9,"9E",4164,NA
"1684",2008,9,"9L",1387,NA
"1685",2008,9,"9S",547,NA
"1686",2008,9,"AA",75701,NA
"1687",2008,9,"ABX",8492,NA
"1688",2008,9,"AJQ",248,NA
"1689",2008,9,"AMQ",35,NA
"1690",2008,9,"KH",382,NA
"1691",2008,9,"AS",10424,NA
"1692",2008,9,"B6",11762,NA
"1693",2008,9,"BNQ",4,NA
"1694",2008,9,"CO",38086,NA
"1695",2008,9,"CP",721,NA
"1696",2008,9,"CS",1252,NA
"1697",2008,9,"DL",49002,NA
"1698",2008,9,"ER",930,NA
"1699",2008,9,"EV",4545,NA
"1700",2008,9,"EZ",488,NA
"1701",2008,9,"F9",5005,NA
"1702",2008,9,"FCQ",57,NA
"1703",2008,9,"FL",7706,NA
"1704",2008,9,"FX",143510,NA
"1705",2008,9,"G4",1478,NA
"1706",2008,9,"G7",405,NA
"1707",2008,9,"GFQ",67,NA
"1708",2008,9,"GL",395,NA
"1709",2008,9,"HA",3692,NA
"1710",2008,9,"JW",473,NA
"1711",2008,9,"KAQ",1022,NA
"1712",2008,9,"KLQ",50,NA
"1713",2008,9,"L2",161,NA
"1714",2008,9,"L4",375,NA
"1715",2008,9,"M6",550,NA
"1716",2008,9,"MQ",10181,NA
"1717",2008,9,"MRQ",101,NA
"1718",2008,9,NA,842,NA
"1719",2008,9,"NC",238,NA
"1720",2008,9,"NK",2478,NA
"1721",2008,9,"NW",29184,NA
"1722",2008,9,"OH",6156,NA
"1723",2008,9,"OO",9915,NA
"1724",2008,9,"OW",1944,NA
"1725",2008,9,"PCQ",477,NA
"1726",2008,9,"PFQ",43,NA
"1727",2008,9,"PO",418,NA
"1728",2008,9,"PRQ",75,NA
"1729",2008,9,"PT",222,NA
"1730",2008,9,"QX",3852,NA
"1731",2008,9,"RD",593,NA
"1732",2008,9,"RW",1318,NA
"1733",2008,9,"S5",1109,NA
"1734",2008,9,"SI",35,NA
"1735",2008,9,"SLQ",130,NA
"1736",2008,9,"SY",798,NA
"1737",2008,9,"U5",556,NA
"1738",2008,9,"U7",333,NA
"1739",2008,9,"UA",50561,NA
"1740",2008,9,"US",33779,NA
"1741",2008,9,"VCQ",0,NA
"1742",2008,9,"VX",1219,NA
"1743",2008,9,"WE",637,NA
"1744",2008,9,"WI",77,NA
"1745",2008,9,"WN",35895,NA
"1746",2008,9,"WO",1404,NA
"1747",2008,9,"X9",1081,NA
"1748",2008,9,"XE",6630,NA
"1749",2008,9,"XJ",4004,NA
"1750",2008,9,"XP",107,NA
"1751",2008,9,"YV",2971,NA
"1752",2008,9,"YX",1607,NA
"1753",2008,9,"ZW",3245,NA
"1754",2008,10,"09Q",124,NA
"1755",2008,10,"16",986,NA
"1756",2008,10,"3Z",298,NA
"1757",2008,10,"5X",6084,NA
"1758",2008,10,"5Y",1208,NA
"1759",2008,10,"8C",402,NA
"1760",2008,10,"9E",4172,NA
"1761",2008,10,"9L",1347,NA
"1762",2008,10,"9S",536,NA
"1763",2008,10,"AA",75458,NA
"1764",2008,10,"ABX",7983,NA
"1765",2008,10,"AJQ",243,NA
"1766",2008,10,"AMQ",35,NA
"1767",2008,10,"KH",377,NA
"1768",2008,10,"AS",10487,NA
"1769",2008,10,"B6",11833,NA
"1770",2008,10,"BNQ",4,NA
"1771",2008,10,"CO",37840,NA
"1772",2008,10,"CP",754,NA
"1773",2008,10,"CS",1252,NA
"1774",2008,10,"DL",48402,NA
"1775",2008,10,"ER",923,NA
"1776",2008,10,"EV",4519,NA
"1777",2008,10,"EZ",486,NA
"1778",2008,10,"F9",4975,NA
"1779",2008,10,"FCQ",57,NA
"1780",2008,10,"FL",7675,NA
"1781",2008,10,"FX",144363,NA
"1782",2008,10,"G4",1500,NA
"1783",2008,10,"G7",407,NA
"1784",2008,10,"GFQ",67,NA
"1785",2008,10,"GL",415,NA
"1786",2008,10,"HA",3794,NA
"1787",2008,10,"JW",505,NA
"1788",2008,10,"KAQ",1029,NA
"1789",2008,10,"KLQ",48,NA
"1790",2008,10,"L2",159,NA
"1791",2008,10,"L4",369,NA
"1792",2008,10,"M6",551,NA
"1793",2008,10,"MQ",10163,NA
"1794",2008,10,"MRQ",99,NA
"1795",2008,10,NA,827,NA
"1796",2008,10,"NC",234,NA
"1797",2008,10,"NK",2448,NA
"1798",2008,10,"NW",28989,NA
"1799",2008,10,"OH",5975,NA
"1800",2008,10,"OO",9792,NA
"1801",2008,10,"OW",1860,NA
"1802",2008,10,"PCQ",488,NA
"1803",2008,10,"PFQ",43,NA
"1804",2008,10,"PO",414,NA
"1805",2008,10,"PRQ",63,NA
"1806",2008,10,"PT",217,NA
"1807",2008,10,"QX",3825,NA
"1808",2008,10,"RD",586,NA
"1809",2008,10,"RW",1306,NA
"1810",2008,10,"S5",1106,NA
"1811",2008,10,"SI",30,NA
"1812",2008,10,"SLQ",130,NA
"1813",2008,10,"SY",771,NA
"1814",2008,10,"U5",545,NA
"1815",2008,10,"U7",326,NA
"1816",2008,10,"UA",50033,NA
"1817",2008,10,"US",33655,NA
"1818",2008,10,"VCQ",0,NA
"1819",2008,10,"VX",1265,NA
"1820",2008,10,"WE",646,NA
"1821",2008,10,"WI",73,NA
"1822",2008,10,"WN",36008,NA
"1823",2008,10,"WO",1442,NA
"1824",2008,10,"X9",1076,NA
"1825",2008,10,"XE",5700,NA
"1826",2008,10,"XJ",4102,NA
"1827",2008,10,"XP",103,NA
"1828",2008,10,"YV",2953,NA
"1829",2008,10,"YX",1460,NA
"1830",2008,10,"ZW",3085,NA
"1831",2008,11,"09Q",124,NA
"1832",2008,11,"16",997,NA
"1833",2008,11,"3Z",292,NA
"1834",2008,11,"5X",6128,NA
"1835",2008,11,"5Y",1230,NA
"1836",2008,11,"8C",403,NA
"1837",2008,11,"9E",4191,NA
"1838",2008,11,"9L",1351,NA
"1839",2008,11,"9S",543,NA
"1840",2008,11,"AA",75133,NA
"1841",2008,11,"ABX",6507,NA
"1842",2008,11,"AJQ",245,NA
"1843",2008,11,"AMQ",35,NA
"1844",2008,11,"KH",372,NA
"1845",2008,11,"AS",10269,NA
"1846",2008,11,"B6",11892,NA
"1847",2008,11,"BNQ",4,NA
"1848",2008,11,"CO",37745,NA
"1849",2008,11,"CP",767,NA
"1850",2008,11,"CS",1248,NA
"1851",2008,11,"DL",47947,NA
"1852",2008,11,"ER",907,NA
"1853",2008,11,"EV",4298,NA
"1854",2008,11,"EZ",485,NA
"1855",2008,11,"F9",4970,NA
"1856",2008,11,"FCQ",57,NA
"1857",2008,11,"FL",7669,NA
"1858",2008,11,"FX",144731,NA
"1859",2008,11,"G4",1549,NA
"1860",2008,11,"G7",390,NA
"1861",2008,11,"GFQ",65,NA
"1862",2008,11,"GL",411,NA
"1863",2008,11,"HA",3684,NA
"1864",2008,11,"JW",532,NA
"1865",2008,11,"KAQ",1026,NA
"1866",2008,11,"KLQ",49,NA
"1867",2008,11,"L2",160,NA
"1868",2008,11,"L4",376,NA
"1869",2008,11,"M6",559,NA
"1870",2008,11,"MQ",10043,NA
"1871",2008,11,"MRQ",99,NA
"1872",2008,11,NA,826,NA
"1873",2008,11,"NC",235,NA
"1874",2008,11,"NK",2404,NA
"1875",2008,11,"NW",29144,NA
"1876",2008,11,"OH",5720,NA
"1877",2008,11,"OO",9848,NA
"1878",2008,11,"OW",1866,NA
"1879",2008,11,"PCQ",490,NA
"1880",2008,11,"PFQ",44,NA
"1881",2008,11,"PO",376,NA
"1882",2008,11,"PRQ",63,NA
"1883",2008,11,"PT",218,NA
"1884",2008,11,"QX",3763,NA
"1885",2008,11,"RD",580,NA
"1886",2008,11,"RW",1438,NA
"1887",2008,11,"S5",1218,NA
"1888",2008,11,"SLQ",130,NA
"1889",2008,11,"SY",760,NA
"1890",2008,11,"U5",556,NA
"1891",2008,11,"U7",313,NA
"1892",2008,11,"UA",49584,NA
"1893",2008,11,"US",33594,NA
"1894",2008,11,"VCQ",0,NA
"1895",2008,11,"VX",1309,NA
"1896",2008,11,"WE",662,NA
"1897",2008,11,"WI",70,NA
"1898",2008,11,"WN",36023,NA
"1899",2008,11,"WO",1493,NA
"1900",2008,11,"X9",1075,NA
"1901",2008,11,"XE",5492,NA
"1902",2008,11,"XJ",4139,NA
"1903",2008,11,"XP",101,NA
"1904",2008,11,"YV",2965,NA
"1905",2008,11,"YX",1362,NA
"1906",2008,11,"ZW",2983,NA
"1907",2008,12,"09Q",121,NA
"1908",2008,12,"16",990,NA
"1909",2008,12,"3Z",291,NA
"1910",2008,12,"5X",6115,NA
"1911",2008,12,"5Y",1249,NA
"1912",2008,12,"8C",409,NA
"1913",2008,12,"9E",4204,NA
"1914",2008,12,"9L",1324,NA
"1915",2008,12,"9S",544,NA
"1916",2008,12,"AA",75074,NA
"1917",2008,12,"ABX",4983,NA
"1918",2008,12,"AJQ",244,NA
"1919",2008,12,"AMQ",33,NA
"1920",2008,12,"KH",393,NA
"1921",2008,12,"AS",10195,NA
"1922",2008,12,"B6",11852,NA
"1923",2008,12,"BNQ",4,NA
"1924",2008,12,"CO",37720,NA
"1925",2008,12,"CP",761,NA
"1926",2008,12,"CS",1250,NA
"1927",2008,12,"DL",48248,NA
"1928",2008,12,"ER",895,NA
"1929",2008,12,"EV",4454,NA
"1930",2008,12,"EZ",484,NA
"1931",2008,12,"F9",4850,NA
"1932",2008,12,"FCQ",61,NA
"1933",2008,12,"FL",7825,NA
"1934",2008,12,"FX",144237,NA
"1935",2008,12,"G4",1560,NA
"1936",2008,12,"G7",445,NA
"1937",2008,12,"GFQ",63,NA
"1938",2008,12,"GL",418,NA
"1939",2008,12,"HA",3707,NA
"1940",2008,12,"JW",514,NA
"1941",2008,12,"KAQ",962,NA
"1942",2008,12,"KLQ",49,NA
"1943",2008,12,"L2",160,NA
"1944",2008,12,"L4",375,NA
"1945",2008,12,"M6",559,NA
"1946",2008,12,"MQ",9976,NA
"1947",2008,12,NA,840,NA
"1948",2008,12,"NC",235,NA
"1949",2008,12,"NK",2410,NA
"1950",2008,12,"NW",29137,NA
"1951",2008,12,"OH",5720,NA
"1952",2008,12,"OO",9889,NA
"1953",2008,12,"OW",1891,NA
"1954",2008,12,"PCQ",482,NA
"1955",2008,12,"PFQ",44,NA
"1956",2008,12,"PO",366,NA
"1957",2008,12,"PRQ",61,NA
"1958",2008,12,"PT",217,NA
"1959",2008,12,"QX",3751,NA
"1960",2008,12,"RD",576,NA
"1961",2008,12,"RW",1432,NA
"1962",2008,12,"S5",1255,NA
"1963",2008,12,"SLQ",130,NA
"1964",2008,12,"SY",766,NA
"1965",2008,12,"U5",556,NA
"1966",2008,12,"U7",191,NA
"1967",2008,12,"UA",48571,NA
"1968",2008,12,"US",33809,NA
"1969",2008,12,"VCQ",0,NA
"1970",2008,12,"VX",1305,NA
"1971",2008,12,"WE",625,NA
"1972",2008,12,"WI",69,NA
"1973",2008,12,"WN",35852,NA
"1974",2008,12,"WO",1494,NA
"1975",2008,12,"X9",1074,NA
"1976",2008,12,"XE",5403,NA
"1977",2008,12,"XJ",4374,NA
"1978",2008,12,"XP",123,NA
"1979",2008,12,"YV",2940,NA
"1980",2008,12,"YX",1183,NA
"1981",2008,12,"ZW",2930,NA
"1982",2009,1,"09Q",114,NA
"1983",2009,1,"16",964,NA
"1984",2009,1,"3Z",301,NA
"1985",2009,1,"5X",6108,NA
"1986",2009,1,"5Y",1201,NA
"1987",2009,1,"8C",413,NA
"1988",2009,1,"9E",4204,NA
"1989",2009,1,"9L",1324,NA
"1990",2009,1,"9S",541,NA
"1991",2009,1,"AA",74904,NA
"1992",2009,1,"ABX",3582,NA
"1993",2009,1,"AJQ",243,NA
"1994",2009,1,"AMQ",33,NA
"1995",2009,1,"KH",392,NA
"1996",2009,1,"AS",10112,NA
"1997",2009,1,"B6",12014,NA
"1998",2009,1,"BNQ",5,NA
"1999",2009,1,"CO",37949,NA
"2000",2009,1,"CP",805,NA
"2001",2009,1,"CS",1242,NA
"2002",2009,1,"DL",47809,NA
"2003",2009,1,"ER",894,NA
"2004",2009,1,"EV",4410,NA
"2005",2009,1,"EZ",464,NA
"2006",2009,1,"F9",4913,NA
"2007",2009,1,"FCQ",61,NA
"2008",2009,1,"FL",7956,NA
"2009",2009,1,"FX",143538,NA
"2010",2009,1,"G4",1567,NA
"2011",2009,1,"G7",450,NA
"2012",2009,1,"GFQ",65,NA
"2013",2009,1,"GL",426,NA
"2014",2009,1,"HA",3704,NA
"2015",2009,1,"JW",521,NA
"2016",2009,1,"KAQ",735,NA
"2017",2009,1,"KLQ",48,NA
"2018",2009,1,"L2",161,NA
"2019",2009,1,"L4",371,NA
"2020",2009,1,"M6",544,NA
"2021",2009,1,"MQ",9992,NA
"2022",2009,1,"MRQ",98,NA
"2023",2009,1,NA,826,NA
"2024",2009,1,"NC",215,NA
"2025",2009,1,"NK",2107,NA
"2026",2009,1,"NW",29084,NA
"2027",2009,1,"OH",5667,NA
"2028",2009,1,"OO",9922,NA
"2029",2009,1,"OW",1906,NA
"2030",2009,1,"PCQ",430,NA
"2031",2009,1,"PFQ",43,NA
"2032",2009,1,"PO",367,NA
"2033",2009,1,"PRQ",55,NA
"2034",2009,1,"PT",222,NA
"2035",2009,1,"QX",3698,NA
"2036",2009,1,"RD",573,NA
"2037",2009,1,"RW",1432,NA
"2038",2009,1,"S5",1255,NA
"2039",2009,1,"SI",26,NA
"2040",2009,1,"SLQ",125,NA
"2041",2009,1,"SY",767,NA
"2042",2009,1,"U5",543,NA
"2043",2009,1,"U7",191,NA
"2044",2009,1,"UA",48500,NA
"2045",2009,1,"US",33641,NA
"2046",2009,1,"VCQ",0,NA
"2047",2009,1,"VX",1345,NA
"2048",2009,1,"WE",619,NA
"2049",2009,1,"WI",69,NA
"2050",2009,1,"WN",35879,NA
"2051",2009,1,"WO",1506,NA
"2052",2009,1,"X9",1055,NA
"2053",2009,1,"XE",5409,NA
"2054",2009,1,"XJ",4454,NA
"2055",2009,1,"XP",102,NA
"2056",2009,1,"YV",2906,NA
"2057",2009,1,"YX",1149,NA
"2058",2009,1,"ZW",2845,NA
"2059",2009,2,"09Q",116,NA
"2060",2009,2,"16",982,NA
"2061",2009,2,"3Z",301,NA
"2062",2009,2,"5X",6091,NA
"2063",2009,2,"5Y",1161,NA
"2064",2009,2,"8C",410,NA
"2065",2009,2,"9E",4189,NA
"2066",2009,2,"9L",1325,NA
"2067",2009,2,"9S",540,NA
"2068",2009,2,"AA",74891,NA
"2069",2009,2,"ABX",3095,NA
"2070",2009,2,"AJQ",238,NA
"2071",2009,2,"AMQ",34,NA
"2072",2009,2,"KH",391,NA
"2073",2009,2,"AS",10090,NA
"2074",2009,2,"B6",12030,NA
"2075",2009,2,"BNQ",5,NA
"2076",2009,2,"CO",38240,NA
"2077",2009,2,"CP",804,NA
"2078",2009,2,"CS",1243,NA
"2079",2009,2,"DL",48199,NA
"2080",2009,2,"ER",894,NA
"2081",2009,2,"EV",4300,NA
"2082",2009,2,"EZ",451,NA
"2083",2009,2,"F9",4897,NA
"2084",2009,2,"FCQ",61,NA
"2085",2009,2,"FL",8182,NA
"2086",2009,2,"FX",142888,NA
"2087",2009,2,"G4",1619,NA
"2088",2009,2,"G7",480,NA
"2089",2009,2,"GFQ",65,NA
"2090",2009,2,"GL",430,NA
"2091",2009,2,"HA",3703,NA
"2092",2009,2,"JW",545,NA
"2093",2009,2,"KAQ",743,NA
"2094",2009,2,"KLQ",48,NA
"2095",2009,2,"L2",167,NA
"2096",2009,2,"L4",390,NA
"2097",2009,2,"M6",545,NA
"2098",2009,2,"MQ",9984,NA
"2099",2009,2,"MRQ",99,NA
"2100",2009,2,NA,817,NA
"2101",2009,2,"NC",215,NA
"2102",2009,2,"NK",2024,NA
"2103",2009,2,"NW",29138,NA
"2104",2009,2,"OH",5737,NA
"2105",2009,2,"OO",9954,NA
"2106",2009,2,"OW",1920,NA
"2107",2009,2,"PCQ",430,NA
"2108",2009,2,"PFQ",43,NA
"2109",2009,2,"PO",345,NA
"2110",2009,2,"PRQ",55,NA
"2111",2009,2,"PT",216,NA
"2112",2009,2,"QX",3707,NA
"2113",2009,2,"RD",553,NA
"2114",2009,2,"RW",1496,NA
"2115",2009,2,"S5",1341,NA
"2116",2009,2,"SI",29,NA
"2117",2009,2,"SLQ",118,NA
"2118",2009,2,"SY",768,NA
"2119",2009,2,"U5",587,NA
"2120",2009,2,"U7",191,NA
"2121",2009,2,"UA",48497,NA
"2122",2009,2,"US",33597,NA
"2123",2009,2,"VCQ",0,NA
"2124",2009,2,"VX",1393,NA
"2125",2009,2,"WE",629,NA
"2126",2009,2,"WI",68,NA
"2127",2009,2,"WN",35898,NA
"2128",2009,2,"WO",1500,NA
"2129",2009,2,"X9",1045,NA
"2130",2009,2,"XE",5408,NA
"2131",2009,2,"XJ",4515,NA
"2132",2009,2,"XP",97,NA
"2133",2009,2,"YV",2877,NA
"2134",2009,2,"YX",1090,NA
"2135",2009,2,"ZW",2847,NA
"2136",2009,3,"09Q",110,NA
"2137",2009,3,"16",980,NA
"2138",2009,3,"3Z",307,NA
"2139",2009,3,"5X",6051,NA
"2140",2009,3,"5Y",1093,NA
"2141",2009,3,"8C",406,NA
"2142",2009,3,"9E",4045,NA
"2143",2009,3,"9L",1321,NA
"2144",2009,3,"9S",540,NA
"2145",2009,3,"AA",74890,NA
"2146",2009,3,"ABX",2912,NA
"2147",2009,3,"AJQ",233,NA
"2148",2009,3,"AMQ",33,NA
"2149",2009,3,"KH",389,NA
"2150",2009,3,"AS",10045,NA
"2151",2009,3,"B6",12022,NA
"2152",2009,3,"BNQ",5,NA
"2153",2009,3,"CO",38492,NA
"2154",2009,3,"CP",808,NA
"2155",2009,3,"CS",1241,NA
"2156",2009,3,"DL",48433,NA
"2157",2009,3,"ER",885,NA
"2158",2009,3,"EV",4248,NA
"2159",2009,3,"EZ",449,NA
"2160",2009,3,"F9",4885,NA
"2161",2009,3,"FCQ",68,NA
"2162",2009,3,"FL",8188,NA
"2163",2009,3,"FX",142218,NA
"2164",2009,3,"G4",1638,NA
"2165",2009,3,"G7",501,NA
"2166",2009,3,"GFQ",65,NA
"2167",2009,3,"GL",420,NA
"2168",2009,3,"HA",3717,NA
"2169",2009,3,"JW",505,NA
"2170",2009,3,"KAQ",742,NA
"2171",2009,3,"KLQ",50,NA
"2172",2009,3,"L2",167,NA
"2173",2009,3,"L4",398,NA
"2174",2009,3,"M6",538,NA
"2175",2009,3,"MQ",9965,NA
"2176",2009,3,"MRQ",107,NA
"2177",2009,3,NA,814,NA
"2178",2009,3,"NC",203,NA
"2179",2009,3,"NK",2054,NA
"2180",2009,3,"NW",29084,NA
"2181",2009,3,"OH",5697,NA
"2182",2009,3,"OO",9887,NA
"2183",2009,3,"OW",1954,NA
"2184",2009,3,"PCQ",422,NA
"2185",2009,3,"PFQ",43,NA
"2186",2009,3,"PO",342,NA
"2187",2009,3,"PRQ",55,NA
"2188",2009,3,"PT",212,NA
"2189",2009,3,"QX",3675,NA
"2190",2009,3,"RD",554,NA
"2191",2009,3,"RW",1496,NA
"2192",2009,3,"S5",1341,NA
"2193",2009,3,"SI",29,NA
"2194",2009,3,"SLQ",110,NA
"2195",2009,3,"SY",766,NA
"2196",2009,3,"U5",587,NA
"2197",2009,3,"U7",199,NA
"2198",2009,3,"UA",48479,NA
"2199",2009,3,"US",33577,NA
"2200",2009,3,"VCQ",0,NA
"2201",2009,3,"VX",1446,NA
"2202",2009,3,"WE",642,NA
"2203",2009,3,"WI",65,NA
"2204",2009,3,"WN",35869,NA
"2205",2009,3,"WO",1549,NA
"2206",2009,3,"X9",1051,NA
"2207",2009,3,"XE",5446,NA
"2208",2009,3,"XJ",4547,NA
"2209",2009,3,"XP",120,NA
"2210",2009,3,"YV",2864,NA
"2211",2009,3,"YX",1647,NA
"2212",2009,3,"ZW",2835,NA
"2213",2009,4,"09Q",110,NA
"2214",2009,4,"16",981,NA
"2215",2009,4,"3Z",300,NA
"2216",2009,4,"5X",6037,NA
"2217",2009,4,"5Y",1112,NA
"2218",2009,4,"8C",377,NA
"2219",2009,4,"9E",4045,NA
"2220",2009,4,"9L",1321,NA
"2221",2009,4,"9S",460,NA
"2222",2009,4,"AA",74886,NA
"2223",2009,4,"ABX",2680,NA
"2224",2009,4,"AJQ",233,NA
"2225",2009,4,"AMQ",34,NA
"2226",2009,4,"KH",385,NA
"2227",2009,4,"AS",10067,NA
"2228",2009,4,"B6",12332,NA
"2229",2009,4,"BNQ",5,NA
"2230",2009,4,"CO",38438,NA
"2231",2009,4,"CP",805,NA
"2232",2009,4,"CS",1242,NA
"2233",2009,4,"DL",48253,NA
"2234",2009,4,"ER",878,NA
"2235",2009,4,"EV",4102,NA
"2236",2009,4,"EZ",459,NA
"2237",2009,4,"F9",4908,NA
"2238",2009,4,"FCQ",68,NA
"2239",2009,4,"FL",8208,NA
"2240",2009,4,"FX",141448,NA
"2241",2009,4,"G4",1672,NA
"2242",2009,4,"G7",478,NA
"2243",2009,4,"GFQ",62,NA
"2244",2009,4,"GL",414,NA
"2245",2009,4,"HA",3789,NA
"2246",2009,4,"JW",479,NA
"2247",2009,4,"KAQ",742,NA
"2248",2009,4,"KLQ",51,NA
"2249",2009,4,"L2",166,NA
"2250",2009,4,"L4",406,NA
"2251",2009,4,"M6",544,NA
"2252",2009,4,"MQ",9946,NA
"2253",2009,4,"MRQ",105,NA
"2254",2009,4,NA,817,NA
"2255",2009,4,"NC",202,NA
"2256",2009,4,"NK",2044,NA
"2257",2009,4,"NW",29849,NA
"2258",2009,4,"OH",5624,NA
"2259",2009,4,"OO",9678,NA
"2260",2009,4,"OW",1966,NA
"2261",2009,4,"PCQ",440,NA
"2262",2009,4,"PFQ",44,NA
"2263",2009,4,"PO",303,NA
"2264",2009,4,"PRQ",54,NA
"2265",2009,4,"PT",202,NA
"2266",2009,4,"QX",3640,NA
"2267",2009,4,"RD",460,NA
"2268",2009,4,"RW",1449,NA
"2269",2009,4,"S5",1299,NA
"2270",2009,4,"SI",32,NA
"2271",2009,4,"SLQ",110,NA
"2272",2009,4,"SY",742,NA
"2273",2009,4,"U5",451,NA
"2274",2009,4,"U7",199,NA
"2275",2009,4,"UA",48478,NA
"2276",2009,4,"US",33568,NA
"2277",2009,4,"VCQ",0,NA
"2278",2009,4,"VX",1481,NA
"2279",2009,4,"WE",628,NA
"2280",2009,4,"WI",66,NA
"2281",2009,4,"WN",35801,NA
"2282",2009,4,"WO",1547,NA
"2283",2009,4,"X9",1001,NA
"2284",2009,4,"XE",5417,NA
"2285",2009,4,"XJ",4524,NA
"2286",2009,4,"XP",104,NA
"2287",2009,4,"YV",2821,NA
"2288",2009,4,"YX",1654,NA
"2289",2009,4,"ZW",2861,NA
"2290",2009,5,"09Q",106,NA
"2291",2009,5,"16",993,NA
"2292",2009,5,"3Z",306,NA
"2293",2009,5,"5X",6009,NA
"2294",2009,5,"5Y",1085,NA
"2295",2009,5,"8C",373,NA
"2296",2009,5,"9E",3946,NA
"2297",2009,5,"9L",1325,NA
"2298",2009,5,"9S",466,NA
"2299",2009,5,"AA",73332,NA
"2300",2009,5,"ABX",2423,NA
"2301",2009,5,"AJQ",234,NA
"2302",2009,5,"AMQ",33,NA
"2303",2009,5,"KH",379,NA
"2304",2009,5,"AS",10060,NA
"2305",2009,5,"B6",12339,NA
"2306",2009,5,"BNQ",5,NA
"2307",2009,5,"CO",38490,NA
"2308",2009,5,"CP",825,NA
"2309",2009,5,"CS",1239,NA
"2310",2009,5,"DL",48507,NA
"2311",2009,5,"ER",845,NA
"2312",2009,5,"EV",3999,NA
"2313",2009,5,"EZ",468,NA
"2314",2009,5,"F9",4919,NA
"2315",2009,5,"FCQ",68,NA
"2316",2009,5,"FL",8435,NA
"2317",2009,5,"FX",140447,NA
"2318",2009,5,"G4",1682,NA
"2319",2009,5,"G7",476,NA
"2320",2009,5,"GFQ",61,NA
"2321",2009,5,"GL",394,NA
"2322",2009,5,"HA",3736,NA
"2323",2009,5,"JW",482,NA
"2324",2009,5,"KAQ",740,NA
"2325",2009,5,"KLQ",51,NA
"2326",2009,5,"L2",167,NA
"2327",2009,5,"L4",412,NA
"2328",2009,5,"M6",547,NA
"2329",2009,5,"MQ",9977,NA
"2330",2009,5,"MRQ",80,NA
"2331",2009,5,NA,801,NA
"2332",2009,5,"NC",206,NA
"2333",2009,5,"NK",2092,NA
"2334",2009,5,"NW",26281,NA
"2335",2009,5,"OH",5643,NA
"2336",2009,5,"OO",9475,NA
"2337",2009,5,"OW",1988,NA
"2338",2009,5,"PCQ",440,NA
"2339",2009,5,"PFQ",43,NA
"2340",2009,5,"PO",322,NA
"2341",2009,5,"PRQ",54,NA
"2342",2009,5,"PT",205,NA
"2343",2009,5,"QX",3587,NA
"2344",2009,5,"RD",423,NA
"2345",2009,5,"RW",1478,NA
"2346",2009,5,"S5",1359,NA
"2347",2009,5,"SI",32,NA
"2348",2009,5,"SLQ",110,NA
"2349",2009,5,"SY",720,NA
"2350",2009,5,"U5",445,NA
"2351",2009,5,"U7",199,NA
"2352",2009,5,"UA",48352,NA
"2353",2009,5,"US",33481,NA
"2354",2009,5,"VCQ",0,NA
"2355",2009,5,"VX",1477,NA
"2356",2009,5,"WE",636,NA
"2357",2009,5,"WI",46,NA
"2358",2009,5,"WN",35772,NA
"2359",2009,5,"WO",1553,NA
"2360",2009,5,"X9",996,NA
"2361",2009,5,"XE",5499,NA
"2362",2009,5,"XJ",4675,NA
"2363",2009,5,"XP",102,NA
"2364",2009,5,"YV",2817,NA
"2365",2009,5,"YX",1634,NA
"2366",2009,5,"ZW",2857,NA
"2367",2009,6,"09Q",99,NA
"2368",2009,6,"16",988,NA
"2369",2009,6,"3Z",296,NA
"2370",2009,6,"5X",5991,NA
"2371",2009,6,"5Y",1075,NA
"2372",2009,6,"8C",383,NA
"2373",2009,6,"9E",3946,NA
"2374",2009,6,"9L",1334,NA
"2375",2009,6,"9S",457,NA
"2376",2009,6,"AA",73146,NA
"2377",2009,6,"ABX",2067,NA
"2378",2009,6,"AJQ",229,NA
"2379",2009,6,"AMQ",28,NA
"2380",2009,6,"KH",379,NA
"2381",2009,6,"AS",10095,NA
"2382",2009,6,"B6",12349,NA
"2383",2009,6,"BNQ",5,NA
"2384",2009,6,"CO",38604,NA
"2385",2009,6,"CP",844,NA
"2386",2009,6,"CS",1239,NA
"2387",2009,6,"DL",48685,NA
"2388",2009,6,"ER",854,NA
"2389",2009,6,"EV",3901,NA
"2390",2009,6,"EZ",475,NA
"2391",2009,6,"F9",4880,NA
"2392",2009,6,"FCQ",66,NA
"2393",2009,6,"FL",8516,NA
"2394",2009,6,"FX",139753,NA
"2395",2009,6,"G4",1708,NA
"2396",2009,6,"G7",472,NA
"2397",2009,6,"GFQ",61,NA
"2398",2009,6,"GL",385,NA
"2399",2009,6,"HA",3755,NA
"2400",2009,6,"JW",501,NA
"2401",2009,6,"KAQ",758,NA
"2402",2009,6,"KLQ",50,NA
"2403",2009,6,"L2",166,NA
"2404",2009,6,"L4",418,NA
"2405",2009,6,"M6",553,NA
"2406",2009,6,"MQ",9869,NA
"2407",2009,6,"MRQ",80,NA
"2408",2009,6,NA,797,NA
"2409",2009,6,"NC",207,NA
"2410",2009,6,"NK",2056,NA
"2411",2009,6,"NW",27289,NA
"2412",2009,6,"OH",5878,NA
"2413",2009,6,"OO",9458,NA
"2414",2009,6,"OW",1990,NA
"2415",2009,6,"PCQ",447,NA
"2416",2009,6,"PFQ",43,NA
"2417",2009,6,"PO",319,NA
"2418",2009,6,"PRQ",54,NA
"2419",2009,6,"PT",215,NA
"2420",2009,6,"QX",3553,NA
"2421",2009,6,"RD",427,NA
"2422",2009,6,"RW",1515,NA
"2423",2009,6,"S5",1381,NA
"2424",2009,6,"SI",32,NA
"2425",2009,6,"SLQ",120,NA
"2426",2009,6,"SY",718,NA
"2427",2009,6,"U5",440,NA
"2428",2009,6,"U7",193,NA
"2429",2009,6,"UA",47902,NA
"2430",2009,6,"US",33375,NA
"2431",2009,6,"VCQ",0,NA
"2432",2009,6,"VX",1507,NA
"2433",2009,6,"WE",655,NA
"2434",2009,6,"WI",38,NA
"2435",2009,6,"WN",35654,NA
"2436",2009,6,"WO",1490,NA
"2437",2009,6,"X9",991,NA
"2438",2009,6,"XE",5467,NA
"2439",2009,6,"XJ",4717,NA
"2440",2009,6,"XP",100,NA
"2441",2009,6,"YV",2748,NA
"2442",2009,6,"YX",1612,NA
"2443",2009,6,"ZW",2806,NA
"2444",2009,7,"09Q",96,NA
"2445",2009,7,"0WQ",161,NA
"2446",2009,7,"16",986,NA
"2447",2009,7,"3Z",290,NA
"2448",2009,7,"5X",5941,NA
"2449",2009,7,"5Y",1035,NA
"2450",2009,7,"8C",396,NA
"2451",2009,7,"9E",3867,NA
"2452",2009,7,"9L",1347,NA
"2453",2009,7,"9S",459,NA
"2454",2009,7,"AA",72922,NA
"2455",2009,7,"ABX",2059,NA
"2456",2009,7,"AJQ",230,NA
"2457",2009,7,"AMQ",28,NA
"2458",2009,7,"KH",342,NA
"2459",2009,7,"AS",10053,NA
"2460",2009,7,"B6",12403,NA
"2461",2009,7,"BNQ",5,NA
"2462",2009,7,"CO",37994,NA
"2463",2009,7,"CP",845,NA
"2464",2009,7,"CS",1256,NA
"2465",2009,7,"DL",49206,NA
"2466",2009,7,"ER",814,NA
"2467",2009,7,"EV",3778,NA
"2468",2009,7,"EZ",473,NA
"2469",2009,7,"F9",4841,NA
"2470",2009,7,"FCQ",71,NA
"2471",2009,7,"FL",8429,NA
"2472",2009,7,"FX",139585,NA
"2473",2009,7,"G4",1716,NA
"2474",2009,7,"G7",509,NA
"2475",2009,7,"GFQ",61,NA
"2476",2009,7,"GL",403,NA
"2477",2009,7,"HA",3780,NA
"2478",2009,7,"JW",492,NA
"2479",2009,7,"KAQ",755,NA
"2480",2009,7,"KLQ",49,NA
"2481",2009,7,"L2",165,NA
"2482",2009,7,"L4",429,NA
"2483",2009,7,"M6",548,NA
"2484",2009,7,"MQ",9822,NA
"2485",2009,7,"MRQ",79,NA
"2486",2009,7,NA,797,NA
"2487",2009,7,"NC",207,NA
"2488",2009,7,"NK",2054,NA
"2489",2009,7,"NW",26710,NA
"2490",2009,7,"OH",5945,NA
"2491",2009,7,"OO",9475,NA
"2492",2009,7,"OW",1984,NA
"2493",2009,7,"PCQ",447,NA
"2494",2009,7,"PFQ",43,NA
"2495",2009,7,"PO",313,NA
"2496",2009,7,"PRQ",55,NA
"2497",2009,7,"PT",216,NA
"2498",2009,7,"QX",3541,NA
"2499",2009,7,"RD",432,NA
"2500",2009,7,"RW",1575,NA
"2501",2009,7,"S5",1434,NA
"2502",2009,7,"SI",32,NA
"2503",2009,7,"SLQ",120,NA
"2504",2009,7,"SY",716,NA
"2505",2009,7,"U5",439,NA
"2506",2009,7,"U7",200,NA
"2507",2009,7,"UA",48006,NA
"2508",2009,7,"US",33462,NA
"2509",2009,7,"VCQ",0,NA
"2510",2009,7,"VX",1502,NA
"2511",2009,7,"WE",626,NA
"2512",2009,7,"WI",33,NA
"2513",2009,7,"WN",35281,NA
"2514",2009,7,"WO",1496,NA
"2515",2009,7,"X9",981,NA
"2516",2009,7,"XE",5482,NA
"2517",2009,7,"XJ",4677,NA
"2518",2009,7,"XP",98,NA
"2519",2009,7,"YV",2711,NA
"2520",2009,7,"YX",1592,NA
"2521",2009,7,"ZW",2801,NA
"2522",2009,8,"09Q",99,NA
"2523",2009,8,"0WQ",162,NA
"2524",2009,8,"16",994,NA
"2525",2009,8,"3Z",287,NA
"2526",2009,8,"5X",5897,NA
"2527",2009,8,"5Y",1029,NA
"2528",2009,8,"8C",398,NA
"2529",2009,8,"9E",3930,NA
"2530",2009,8,"9L",1343,NA
"2531",2009,8,"9S",465,NA
"2532",2009,8,"AA",72651,NA
"2533",2009,8,"ABX",1171,NA
"2534",2009,8,"AJQ",223,NA
"2535",2009,8,"AMQ",28,NA
"2536",2009,8,"KH",346,NA
"2537",2009,8,"AS",9985,NA
"2538",2009,8,"B6",12583,NA
"2539",2009,8,"BNQ",5,NA
"2540",2009,8,"CO",36836,NA
"2541",2009,8,"CP",858,NA
"2542",2009,8,"CS",1229,NA
"2543",2009,8,"DL",49047,NA
"2544",2009,8,"ER",806,NA
"2545",2009,8,"EV",3704,NA
"2546",2009,8,"EZ",467,NA
"2547",2009,8,"F9",4825,NA
"2548",2009,8,"FCQ",71,NA
"2549",2009,8,"FL",8335,NA
"2550",2009,8,"FX",139349,NA
"2551",2009,8,"G4",1724,NA
"2552",2009,8,"G7",504,NA
"2553",2009,8,"GFQ",61,NA
"2554",2009,8,"GL",408,NA
"2555",2009,8,"HA",3759,NA
"2556",2009,8,"JW",510,NA
"2557",2009,8,"KAQ",752,NA
"2558",2009,8,"KLQ",55,NA
"2559",2009,8,"L2",160,NA
"2560",2009,8,"L4",427,NA
"2561",2009,8,"M6",556,NA
"2562",2009,8,"MQ",9802,NA
"2563",2009,8,"MRQ",79,NA
"2564",2009,8,NA,788,NA
"2565",2009,8,"NC",197,NA
"2566",2009,8,"NK",2037,NA
"2567",2009,8,"NW",26576,NA
"2568",2009,8,"OH",5876,NA
"2569",2009,8,"OO",9419,NA
"2570",2009,8,"OW",1998,NA
"2571",2009,8,"PFQ",43,NA
"2572",2009,8,"PO",312,NA
"2573",2009,8,"PRQ",55,NA
"2574",2009,8,"PT",221,NA
"2575",2009,8,"QX",3513,NA
"2576",2009,8,"RD",441,NA
"2577",2009,8,"RW",1614,NA
"2578",2009,8,"S5",1423,NA
"2579",2009,8,"SI",33,NA
"2580",2009,8,"SLQ",120,NA
"2581",2009,8,"SY",712,NA
"2582",2009,8,"U5",433,NA
"2583",2009,8,"U7",208,NA
"2584",2009,8,"UA",48283,NA
"2585",2009,8,"US",32895,NA
"2586",2009,8,"VCQ",0,NA
"2587",2009,8,"VX",1506,NA
"2588",2009,8,"WE",537,NA
"2589",2009,8,"WI",39,NA
"2590",2009,8,"WN",34996,NA
"2591",2009,8,"WO",1408,NA
"2592",2009,8,"X9",969,NA
"2593",2009,8,"XE",5401,NA
"2594",2009,8,"XJ",4624,NA
"2595",2009,8,"XP",101,NA
"2596",2009,8,"YV",2675,NA
"2597",2009,8,"YX",1544,NA
"2598",2009,8,"ZW",2821,NA
"2599",2009,9,"09Q",105,NA
"2600",2009,9,"0WQ",170,NA
"2601",2009,9,"16",998,NA
"2602",2009,9,"3Z",285,NA
"2603",2009,9,"5X",5861,NA
"2604",2009,9,"5Y",1034,NA
"2605",2009,9,"8C",414,NA
"2606",2009,9,"9E",3903,NA
"2607",2009,9,"9L",1326,NA
"2608",2009,9,"9S",491,NA
"2609",2009,9,"AA",72521,NA
"2610",2009,9,"ABX",1007,NA
"2611",2009,9,"AJQ",234,NA
"2612",2009,9,"AMQ",28,NA
"2613",2009,9,"KH",340,NA
"2614",2009,9,"AS",9965,NA
"2615",2009,9,"B6",12440,NA
"2616",2009,9,"BNQ",5,NA
"2617",2009,9,"CO",36382,NA
"2618",2009,9,"CP",879,NA
"2619",2009,9,"CS",1209,NA
"2620",2009,9,"DL",48432,NA
"2621",2009,9,"ER",781,NA
"2622",2009,9,"EV",3704,NA
"2623",2009,9,"EZ",469,NA
"2624",2009,9,"F9",4769,NA
"2625",2009,9,"FCQ",76,NA
"2626",2009,9,"FL",8029,NA
"2627",2009,9,"FX",139181,NA
"2628",2009,9,"G4",1749,NA
"2629",2009,9,"G7",541,NA
"2630",2009,9,"GFQ",64,NA
"2631",2009,9,"GL",416,NA
"2632",2009,9,"HA",3780,NA
"2633",2009,9,"JW",512,NA
"2634",2009,9,"KAQ",761,NA
"2635",2009,9,"KLQ",55,NA
"2636",2009,9,"L2",156,NA
"2637",2009,9,"L4",409,NA
"2638",2009,9,"M6",566,NA
"2639",2009,9,"MQ",9808,NA
"2640",2009,9,"MRQ",75,NA
"2641",2009,9,NA,776,NA
"2642",2009,9,"NC",189,NA
"2643",2009,9,"NK",2015,NA
"2644",2009,9,"NW",25681,NA
"2645",2009,9,"OH",5706,NA
"2646",2009,9,"OO",9455,NA
"2647",2009,9,"OW",1996,NA
"2648",2009,9,"PFQ",43,NA
"2649",2009,9,"PO",315,NA
"2650",2009,9,"PRQ",55,NA
"2651",2009,9,"PT",220,NA
"2652",2009,9,"QX",3524,NA
"2653",2009,9,"RD",431,NA
"2654",2009,9,"RW",1694,NA
"2655",2009,9,"S5",1425,NA
"2656",2009,9,"SI",32,NA
"2657",2009,9,"SLQ",120,NA
"2658",2009,9,"SY",729,NA
"2659",2009,9,"U5",380,NA
"2660",2009,9,"U7",214,NA
"2661",2009,9,"UA",47041,NA
"2662",2009,9,"US",32394,NA
"2663",2009,9,"VCQ",0,NA
"2664",2009,9,"VX",1492,NA
"2665",2009,9,"WE",522,NA
"2666",2009,9,"WI",30,NA
"2667",2009,9,"WN",35134,NA
"2668",2009,9,"WO",1408,NA
"2669",2009,9,"X9",971,NA
"2670",2009,9,"XE",5399,NA
"2671",2009,9,"XJ",4484,NA
"2672",2009,9,"XP",98,NA
"2673",2009,9,"YV",2628,NA
"2674",2009,9,"YX",1515,NA
"2675",2009,9,"ZW",2775,NA
"2676",2009,10,"09Q",110,NA
"2677",2009,10,"0WQ",174,NA
"2678",2009,10,"16",971,NA
"2679",2009,10,"3Z",277,NA
"2680",2009,10,"5X",5860,NA
"2681",2009,10,"5Y",1051,NA
"2682",2009,10,"8C",422,NA
"2683",2009,10,"9E",3902,NA
"2684",2009,10,"9L",1315,NA
"2685",2009,10,"9S",511,NA
"2686",2009,10,"AA",71777,NA
"2687",2009,10,"ABX",1001,NA
"2688",2009,10,"AJQ",244,NA
"2689",2009,10,"AMQ",28,NA
"2690",2009,10,"KH",317,NA
"2691",2009,10,"AS",9943,NA
"2692",2009,10,"B6",12456,NA
"2693",2009,10,"BNQ",5,NA
"2694",2009,10,"CO",36338,NA
"2695",2009,10,"CP",881,NA
"2696",2009,10,"CS",1209,NA
"2697",2009,10,"DL",53323,NA
"2698",2009,10,"ER",599,NA
"2699",2009,10,"EV",3695,NA
"2700",2009,10,"EZ",465,NA
"2701",2009,10,"F9",4774,NA
"2702",2009,10,"FCQ",78,NA
"2703",2009,10,"FL",8068,NA
"2704",2009,10,"FX",139427,NA
"2705",2009,10,"G4",1745,NA
"2706",2009,10,"G7",537,NA
"2707",2009,10,"GFQ",65,NA
"2708",2009,10,"GL",413,NA
"2709",2009,10,"HA",3790,NA
"2710",2009,10,"JW",509,NA
"2711",2009,10,"KAQ",767,NA
"2712",2009,10,"KLQ",55,NA
"2713",2009,10,"L2",157,NA
"2714",2009,10,"L3",413,NA
"2715",2009,10,"M6",538,NA
"2716",2009,10,"MQ",9835,NA
"2717",2009,10,"MRQ",76,NA
"2718",2009,10,NA,777,NA
"2719",2009,10,"NC",189,NA
"2720",2009,10,"NK",2028,NA
"2721",2009,10,"NW",27701,NA
"2722",2009,10,"OH",2725,NA
"2723",2009,10,"OO",9441,NA
"2724",2009,10,"OW",2028,NA
"2725",2009,10,"PFQ",43,NA
"2726",2009,10,"PO",315,NA
"2727",2009,10,"PRQ",52,NA
"2728",2009,10,"PT",215,NA
"2729",2009,10,"QX",3527,NA
"2730",2009,10,"RD",458,NA
"2731",2009,10,"S5",1354,NA
"2732",2009,10,"SI",26,NA
"2733",2009,10,"SLQ",120,NA
"2734",2009,10,"SY",748,NA
"2735",2009,10,"U5",376,NA
"2736",2009,10,"U7",242,NA
"2737",2009,10,"UA",46697,NA
"2738",2009,10,"US",32102,NA
"2739",2009,10,"VCQ",0,NA
"2740",2009,10,"VX",1484,NA
"2741",2009,10,"WE",520,NA
"2742",2009,10,"WI",49,NA
"2743",2009,10,"WN",35076,NA
"2744",2009,10,"WO",1442,NA
"2745",2009,10,"X9",996,NA
"2746",2009,10,"XE",5414,NA
"2747",2009,10,"XJ",2357,NA
"2748",2009,10,"XP",113,NA
"2749",2009,10,"YV",2604,NA
"2750",2009,10,"YX",870,NA
"2751",2009,10,"ZW",2768,NA
"2752",2009,11,"09Q",114,NA
"2753",2009,11,"0WQ",163,NA
"2754",2009,11,"16",968,NA
"2755",2009,11,"3Z",279,NA
"2756",2009,11,"5X",5859,NA
"2757",2009,11,"5Y",1051,NA
"2758",2009,11,"8C",430,NA
"2759",2009,11,"9E",3873,NA
"2760",2009,11,"9L",1309,NA
"2761",2009,11,"9S",545,NA
"2762",2009,11,"AA",71346,NA
"2763",2009,11,"ABX",996,NA
"2764",2009,11,"AJQ",241,NA
"2765",2009,11,"AMQ",27,NA
"2766",2009,11,"KH",314,NA
"2767",2009,11,"AS",9918,NA
"2768",2009,11,"B6",12510,NA
"2769",2009,11,"BNQ",5,NA
"2770",2009,11,"CO",36152,NA
"2771",2009,11,"CP",884,NA
"2772",2009,11,"CS",1210,NA
"2773",2009,11,"DL",53322,NA
"2774",2009,11,"ER",600,NA
"2775",2009,11,"EV",3665,NA
"2776",2009,11,"EZ",470,NA
"2777",2009,11,"F9",4848,NA
"2778",2009,11,"FCQ",77,NA
"2779",2009,11,"FL",8124,NA
"2780",2009,11,"FX",140103,NA
"2781",2009,11,"G4",1769,NA
"2782",2009,11,"G7",560,NA
"2783",2009,11,"GFQ",64,NA
"2784",2009,11,"GL",414,NA
"2785",2009,11,"HA",3821,NA
"2786",2009,11,"JW",499,NA
"2787",2009,11,"KAQ",777,NA
"2788",2009,11,"KLQ",47,NA
"2789",2009,11,"L2",157,NA
"2790",2009,11,"L3",419,NA
"2791",2009,11,"M6",539,NA
"2792",2009,11,"MQ",9870,NA
"2793",2009,11,"MRQ",76,NA
"2794",2009,11,"NC",186,NA
"2795",2009,11,"NK",2076,NA
"2796",2009,11,"NW",27665,NA
"2797",2009,11,"OH",2651,NA
"2798",2009,11,"OO",9545,NA
"2799",2009,11,"OW",2039,NA
"2800",2009,11,"PFQ",43,NA
"2801",2009,11,"PO",316,NA
"2802",2009,11,"PRQ",50,NA
"2803",2009,11,"PT",221,NA
"2804",2009,11,"QX",3516,NA
"2805",2009,11,"RD",496,NA
"2806",2009,11,"S5",1286,NA
"2807",2009,11,"SI",30,NA
"2808",2009,11,"SLQ",120,NA
"2809",2009,11,"SY",757,NA
"2810",2009,11,"U5",373,NA
"2811",2009,11,"U7",238,NA
"2812",2009,11,"UA",46507,NA
"2813",2009,11,"US",32040,NA
"2814",2009,11,"VCQ",0,NA
"2815",2009,11,"VX",1485,NA
"2816",2009,11,"WE",520,NA
"2817",2009,11,"WI",73,NA
"2818",2009,11,"WN",35081,NA
"2819",2009,11,"WO",1445,NA
"2820",2009,11,"X9",997,NA
"2821",2009,11,"XE",5487,NA
"2822",2009,11,"XJ",2300,NA
"2823",2009,11,"XP",113,NA
"2824",2009,11,"YV",2619,NA
"2825",2009,11,"YX",3102,NA
"2826",2009,11,"ZW",2740,NA
"2827",2009,12,"09Q",112,NA
"2828",2009,12,"0WQ",158,NA
"2829",2009,12,"16",966,NA
"2830",2009,12,"3Z",283,NA
"2831",2009,12,"5X",5833,NA
"2832",2009,12,"5Y",1044,NA
"2833",2009,12,"8C",428,NA
"2834",2009,12,"9E",3851,NA
"2835",2009,12,"9L",1284,NA
"2836",2009,12,"AA",71450,NA
"2837",2009,12,"ABX",939,NA
"2838",2009,12,"AJQ",242,NA
"2839",2009,12,"AMQ",28,NA
"2840",2009,12,"KH",315,NA
"2841",2009,12,"AS",9910,NA
"2842",2009,12,"B6",12532,NA
"2843",2009,12,"BNQ",5,NA
"2844",2009,12,"CO",36132,NA
"2845",2009,12,"CP",888,NA
"2846",2009,12,"CS",1207,NA
"2847",2009,12,"DL",53285,NA
"2848",2009,12,"ER",600,NA
"2849",2009,12,"EV",3686,NA
"2850",2009,12,"EZ",476,NA
"2851",2009,12,"F9",5722,NA
"2852",2009,12,"FCQ",77,NA
"2853",2009,12,"FL",8169,NA
"2854",2009,12,"FX",139737,NA
"2855",2009,12,"G4",1791,NA
"2856",2009,12,"G7",560,NA
"2857",2009,12,"GFQ",65,NA
"2858",2009,12,"GL",417,NA
"2859",2009,12,"HA",3844,NA
"2860",2009,12,"JW",493,NA
"2861",2009,12,"KAQ",781,NA
"2862",2009,12,"KLQ",58,NA
"2863",2009,12,"L3",415,NA
"2864",2009,12,"M6",542,NA
"2865",2009,12,"MQ",9818,NA
"2866",2009,12,"MRQ",85,NA
"2867",2009,12,"NC",186,NA
"2868",2009,12,"NK",2089,NA
"2869",2009,12,"NW",27537,NA
"2870",2009,12,"OH",2599,NA
"2871",2009,12,"OO",9593,NA
"2872",2009,12,"OW",2047,NA
"2873",2009,12,"PFQ",43,NA
"2874",2009,12,"PO",313,NA
"2875",2009,12,"PRQ",53,NA
"2876",2009,12,"PT",223,NA
"2877",2009,12,"QX",3508,NA
"2878",2009,12,"RD",502,NA
"2879",2009,12,"S5",1275,NA
"2880",2009,12,"SI",25,NA
"2881",2009,12,"SLQ",120,NA
"2882",2009,12,"SY",772,NA
"2883",2009,12,"U5",390,NA
"2884",2009,12,"U7",248,NA
"2885",2009,12,"UA",46538,NA
"2886",2009,12,"US",32021,NA
"2887",2009,12,"VCQ",0,NA
"2888",2009,12,"VX",1481,NA
"2889",2009,12,"WE",396,NA
"2890",2009,12,"WI",50,NA
"2891",2009,12,"WN",35042,NA
"2892",2009,12,"WO",1398,NA
"2893",2009,12,"X9",997,NA
"2894",2009,12,"XE",5464,NA
"2895",2009,12,"XJ",2246,NA
"2896",2009,12,"XP",120,NA
"2897",2009,12,"YV",2540,NA
"2898",2009,12,"YX",2908,NA
"2899",2009,12,"ZW",2737,NA
